scenario_id,scenario_name_en,scenario_name_zh_hant,target_id,target_en,target_zh_hant,participation_mode_id,participation_mode_name_en,participation_mode_name_zh_hant,prompt_en,prompt_zh_hant,stationary_required,photo_task_allowed,driver_interaction_allowed,adult_supervision_required,skip_allowed,safety_boundary_en,safety_boundary_zh_hant,official_reference_ids
pre-trip,Before leaving,出發前,target-01,one item that helps everyone stay comfortable,一件讓大家旅途中更舒適的物品,watch,Watch or point,看一看／指出來,"From your current spot, notice one item that helps everyone stay comfortable. Point only when the setting permits and your supervising adult has said it is safe; never ask a driver to look.",從目前位置觀察「一件讓大家旅途中更舒適的物品」。只有在情境允許且陪同大人已確認安全時，才從原地指出來；絕不要求駕駛查看。,true,false,false,true,true,"Use these cards at home. Adults keep control of travel documents, medicine, keys and final packing decisions.",請在家使用這組卡片。旅行文件、藥物、鑰匙與最後打包決定，全都由大人保管與確認。,faa-child-safety-seat-tips|nhtsa-car-seats|dot-family-air-travel|ftc-children-privacy
pre-trip,Before leaving,出發前,target-01,one item that helps everyone stay comfortable,一件讓大家旅途中更舒適的物品,describe,Notice or describe,觀察／描述,"Notice one item that helps everyone stay comfortable. Think of one colour, shape, sound or detail. Share only with a non-driving companion when the setting permits.",觀察「一件讓大家旅途中更舒適的物品」，想一個顏色、形狀、聲音或細節；只有在情境允許且有非駕駛同行者時才分享。,true,false,false,true,true,"Use these cards at home. Adults keep control of travel documents, medicine, keys and final packing decisions.",請在家使用這組卡片。旅行文件、藥物、鑰匙與最後打包決定，全都由大人保管與確認。,faa-child-safety-seat-tips|nhtsa-car-seats|dot-family-air-travel|ftc-children-privacy
pre-trip,Before leaving,出發前,target-01,one item that helps everyone stay comfortable,一件讓大家旅途中更舒適的物品,create,Plan or create,規劃／創作,"Use one item that helps everyone stay comfortable as a prompt. Invent one kind question, route idea or tiny story alone or with a non-driving companion when permitted.",以「一件讓大家旅途中更舒適的物品」為提示，自己想一個友善問題、小路線或迷你故事；情境允許時也可和非駕駛同行者一起想。,true,false,false,true,true,"Use these cards at home. Adults keep control of travel documents, medicine, keys and final packing decisions.",請在家使用這組卡片。旅行文件、藥物、鑰匙與最後打包決定，全都由大人保管與確認。,faa-child-safety-seat-tips|nhtsa-car-seats|dot-family-air-travel|ftc-children-privacy
pre-trip,Before leaving,出發前,target-02,one item in the adult's travel-document check,一件大人會檢查的旅行文件用品,watch,Watch or point,看一看／指出來,"From your current spot, notice one item in the adult's travel-document check. Point only when the setting permits and your supervising adult has said it is safe; never ask a driver to look.",從目前位置觀察「一件大人會檢查的旅行文件用品」。只有在情境允許且陪同大人已確認安全時，才從原地指出來；絕不要求駕駛查看。,true,false,false,true,true,"Use these cards at home. Adults keep control of travel documents, medicine, keys and final packing decisions.",請在家使用這組卡片。旅行文件、藥物、鑰匙與最後打包決定，全都由大人保管與確認。,faa-child-safety-seat-tips|nhtsa-car-seats|dot-family-air-travel|ftc-children-privacy
pre-trip,Before leaving,出發前,target-02,one item in the adult's travel-document check,一件大人會檢查的旅行文件用品,describe,Notice or describe,觀察／描述,"Notice one item in the adult's travel-document check. Think of one colour, shape, sound or detail. Share only with a non-driving companion when the setting permits.",觀察「一件大人會檢查的旅行文件用品」，想一個顏色、形狀、聲音或細節；只有在情境允許且有非駕駛同行者時才分享。,true,false,false,true,true,"Use these cards at home. Adults keep control of travel documents, medicine, keys and final packing decisions.",請在家使用這組卡片。旅行文件、藥物、鑰匙與最後打包決定，全都由大人保管與確認。,faa-child-safety-seat-tips|nhtsa-car-seats|dot-family-air-travel|ftc-children-privacy
pre-trip,Before leaving,出發前,target-02,one item in the adult's travel-document check,一件大人會檢查的旅行文件用品,create,Plan or create,規劃／創作,"Use one item in the adult's travel-document check as a prompt. Invent one kind question, route idea or tiny story alone or with a non-driving companion when permitted.",以「一件大人會檢查的旅行文件用品」為提示，自己想一個友善問題、小路線或迷你故事；情境允許時也可和非駕駛同行者一起想。,true,false,false,true,true,"Use these cards at home. Adults keep control of travel documents, medicine, keys and final packing decisions.",請在家使用這組卡片。旅行文件、藥物、鑰匙與最後打包決定，全都由大人保管與確認。,faa-child-safety-seat-tips|nhtsa-car-seats|dot-family-air-travel|ftc-children-privacy
pre-trip,Before leaving,出發前,target-03,one object that can be used again instead of thrown away,一件可重複使用而非用完即丟的物品,watch,Watch or point,看一看／指出來,"From your current spot, notice one object that can be used again instead of thrown away. Point only when the setting permits and your supervising adult has said it is safe; never ask a driver to look.",從目前位置觀察「一件可重複使用而非用完即丟的物品」。只有在情境允許且陪同大人已確認安全時，才從原地指出來；絕不要求駕駛查看。,true,false,false,true,true,"Use these cards at home. Adults keep control of travel documents, medicine, keys and final packing decisions.",請在家使用這組卡片。旅行文件、藥物、鑰匙與最後打包決定，全都由大人保管與確認。,faa-child-safety-seat-tips|nhtsa-car-seats|dot-family-air-travel|ftc-children-privacy
pre-trip,Before leaving,出發前,target-03,one object that can be used again instead of thrown away,一件可重複使用而非用完即丟的物品,describe,Notice or describe,觀察／描述,"Notice one object that can be used again instead of thrown away. Think of one colour, shape, sound or detail. Share only with a non-driving companion when the setting permits.",觀察「一件可重複使用而非用完即丟的物品」，想一個顏色、形狀、聲音或細節；只有在情境允許且有非駕駛同行者時才分享。,true,false,false,true,true,"Use these cards at home. Adults keep control of travel documents, medicine, keys and final packing decisions.",請在家使用這組卡片。旅行文件、藥物、鑰匙與最後打包決定，全都由大人保管與確認。,faa-child-safety-seat-tips|nhtsa-car-seats|dot-family-air-travel|ftc-children-privacy
pre-trip,Before leaving,出發前,target-03,one object that can be used again instead of thrown away,一件可重複使用而非用完即丟的物品,create,Plan or create,規劃／創作,"Use one object that can be used again instead of thrown away as a prompt. Invent one kind question, route idea or tiny story alone or with a non-driving companion when permitted.",以「一件可重複使用而非用完即丟的物品」為提示，自己想一個友善問題、小路線或迷你故事；情境允許時也可和非駕駛同行者一起想。,true,false,false,true,true,"Use these cards at home. Adults keep control of travel documents, medicine, keys and final packing decisions.",請在家使用這組卡片。旅行文件、藥物、鑰匙與最後打包決定，全都由大人保管與確認。,faa-child-safety-seat-tips|nhtsa-car-seats|dot-family-air-travel|ftc-children-privacy
pre-trip,Before leaving,出發前,target-04,one quiet activity for a wait,一種等待時可安靜進行的活動,watch,Watch or point,看一看／指出來,"From your current spot, notice one quiet activity for a wait. Point only when the setting permits and your supervising adult has said it is safe; never ask a driver to look.",從目前位置觀察「一種等待時可安靜進行的活動」。只有在情境允許且陪同大人已確認安全時，才從原地指出來；絕不要求駕駛查看。,true,false,false,true,true,"Use these cards at home. Adults keep control of travel documents, medicine, keys and final packing decisions.",請在家使用這組卡片。旅行文件、藥物、鑰匙與最後打包決定，全都由大人保管與確認。,faa-child-safety-seat-tips|nhtsa-car-seats|dot-family-air-travel|ftc-children-privacy
pre-trip,Before leaving,出發前,target-04,one quiet activity for a wait,一種等待時可安靜進行的活動,describe,Notice or describe,觀察／描述,"Notice one quiet activity for a wait. Think of one colour, shape, sound or detail. Share only with a non-driving companion when the setting permits.",觀察「一種等待時可安靜進行的活動」，想一個顏色、形狀、聲音或細節；只有在情境允許且有非駕駛同行者時才分享。,true,false,false,true,true,"Use these cards at home. Adults keep control of travel documents, medicine, keys and final packing decisions.",請在家使用這組卡片。旅行文件、藥物、鑰匙與最後打包決定，全都由大人保管與確認。,faa-child-safety-seat-tips|nhtsa-car-seats|dot-family-air-travel|ftc-children-privacy
pre-trip,Before leaving,出發前,target-04,one quiet activity for a wait,一種等待時可安靜進行的活動,create,Plan or create,規劃／創作,"Use one quiet activity for a wait as a prompt. Invent one kind question, route idea or tiny story alone or with a non-driving companion when permitted.",以「一種等待時可安靜進行的活動」為提示，自己想一個友善問題、小路線或迷你故事；情境允許時也可和非駕駛同行者一起想。,true,false,false,true,true,"Use these cards at home. Adults keep control of travel documents, medicine, keys and final packing decisions.",請在家使用這組卡片。旅行文件、藥物、鑰匙與最後打包決定，全都由大人保管與確認。,faa-child-safety-seat-tips|nhtsa-car-seats|dot-family-air-travel|ftc-children-privacy
pre-trip,Before leaving,出發前,target-05,one colour shared by two packed items,兩件擁有相同顏色的行李物品,watch,Watch or point,看一看／指出來,"From your current spot, notice one colour shared by two packed items. Point only when the setting permits and your supervising adult has said it is safe; never ask a driver to look.",從目前位置觀察「兩件擁有相同顏色的行李物品」。只有在情境允許且陪同大人已確認安全時，才從原地指出來；絕不要求駕駛查看。,true,false,false,true,true,"Use these cards at home. Adults keep control of travel documents, medicine, keys and final packing decisions.",請在家使用這組卡片。旅行文件、藥物、鑰匙與最後打包決定，全都由大人保管與確認。,faa-child-safety-seat-tips|nhtsa-car-seats|dot-family-air-travel|ftc-children-privacy
pre-trip,Before leaving,出發前,target-05,one colour shared by two packed items,兩件擁有相同顏色的行李物品,describe,Notice or describe,觀察／描述,"Notice one colour shared by two packed items. Think of one colour, shape, sound or detail. Share only with a non-driving companion when the setting permits.",觀察「兩件擁有相同顏色的行李物品」，想一個顏色、形狀、聲音或細節；只有在情境允許且有非駕駛同行者時才分享。,true,false,false,true,true,"Use these cards at home. Adults keep control of travel documents, medicine, keys and final packing decisions.",請在家使用這組卡片。旅行文件、藥物、鑰匙與最後打包決定，全都由大人保管與確認。,faa-child-safety-seat-tips|nhtsa-car-seats|dot-family-air-travel|ftc-children-privacy
pre-trip,Before leaving,出發前,target-05,one colour shared by two packed items,兩件擁有相同顏色的行李物品,create,Plan or create,規劃／創作,"Use one colour shared by two packed items as a prompt. Invent one kind question, route idea or tiny story alone or with a non-driving companion when permitted.",以「兩件擁有相同顏色的行李物品」為提示，自己想一個友善問題、小路線或迷你故事；情境允許時也可和非駕駛同行者一起想。,true,false,false,true,true,"Use these cards at home. Adults keep control of travel documents, medicine, keys and final packing decisions.",請在家使用這組卡片。旅行文件、藥物、鑰匙與最後打包決定，全都由大人保管與確認。,faa-child-safety-seat-tips|nhtsa-car-seats|dot-family-air-travel|ftc-children-privacy
pre-trip,Before leaving,出發前,target-06,one item the adult may need to reach quickly,一件大人可能需要快速拿到的物品,watch,Watch or point,看一看／指出來,"From your current spot, notice one item the adult may need to reach quickly. Point only when the setting permits and your supervising adult has said it is safe; never ask a driver to look.",從目前位置觀察「一件大人可能需要快速拿到的物品」。只有在情境允許且陪同大人已確認安全時，才從原地指出來；絕不要求駕駛查看。,true,false,false,true,true,"Use these cards at home. Adults keep control of travel documents, medicine, keys and final packing decisions.",請在家使用這組卡片。旅行文件、藥物、鑰匙與最後打包決定，全都由大人保管與確認。,faa-child-safety-seat-tips|nhtsa-car-seats|dot-family-air-travel|ftc-children-privacy
pre-trip,Before leaving,出發前,target-06,one item the adult may need to reach quickly,一件大人可能需要快速拿到的物品,describe,Notice or describe,觀察／描述,"Notice one item the adult may need to reach quickly. Think of one colour, shape, sound or detail. Share only with a non-driving companion when the setting permits.",觀察「一件大人可能需要快速拿到的物品」，想一個顏色、形狀、聲音或細節；只有在情境允許且有非駕駛同行者時才分享。,true,false,false,true,true,"Use these cards at home. Adults keep control of travel documents, medicine, keys and final packing decisions.",請在家使用這組卡片。旅行文件、藥物、鑰匙與最後打包決定，全都由大人保管與確認。,faa-child-safety-seat-tips|nhtsa-car-seats|dot-family-air-travel|ftc-children-privacy
pre-trip,Before leaving,出發前,target-06,one item the adult may need to reach quickly,一件大人可能需要快速拿到的物品,create,Plan or create,規劃／創作,"Use one item the adult may need to reach quickly as a prompt. Invent one kind question, route idea or tiny story alone or with a non-driving companion when permitted.",以「一件大人可能需要快速拿到的物品」為提示，自己想一個友善問題、小路線或迷你故事；情境允許時也可和非駕駛同行者一起想。,true,false,false,true,true,"Use these cards at home. Adults keep control of travel documents, medicine, keys and final packing decisions.",請在家使用這組卡片。旅行文件、藥物、鑰匙與最後打包決定，全都由大人保管與確認。,faa-child-safety-seat-tips|nhtsa-car-seats|dot-family-air-travel|ftc-children-privacy
pre-trip,Before leaving,出發前,target-07,one way the group can help each other,一種同行成員可互相幫忙的方法,watch,Watch or point,看一看／指出來,"From your current spot, notice one way the group can help each other. Point only when the setting permits and your supervising adult has said it is safe; never ask a driver to look.",從目前位置觀察「一種同行成員可互相幫忙的方法」。只有在情境允許且陪同大人已確認安全時，才從原地指出來；絕不要求駕駛查看。,true,false,false,true,true,"Use these cards at home. Adults keep control of travel documents, medicine, keys and final packing decisions.",請在家使用這組卡片。旅行文件、藥物、鑰匙與最後打包決定，全都由大人保管與確認。,faa-child-safety-seat-tips|nhtsa-car-seats|dot-family-air-travel|ftc-children-privacy
pre-trip,Before leaving,出發前,target-07,one way the group can help each other,一種同行成員可互相幫忙的方法,describe,Notice or describe,觀察／描述,"Notice one way the group can help each other. Think of one colour, shape, sound or detail. Share only with a non-driving companion when the setting permits.",觀察「一種同行成員可互相幫忙的方法」，想一個顏色、形狀、聲音或細節；只有在情境允許且有非駕駛同行者時才分享。,true,false,false,true,true,"Use these cards at home. Adults keep control of travel documents, medicine, keys and final packing decisions.",請在家使用這組卡片。旅行文件、藥物、鑰匙與最後打包決定，全都由大人保管與確認。,faa-child-safety-seat-tips|nhtsa-car-seats|dot-family-air-travel|ftc-children-privacy
pre-trip,Before leaving,出發前,target-07,one way the group can help each other,一種同行成員可互相幫忙的方法,create,Plan or create,規劃／創作,"Use one way the group can help each other as a prompt. Invent one kind question, route idea or tiny story alone or with a non-driving companion when permitted.",以「一種同行成員可互相幫忙的方法」為提示，自己想一個友善問題、小路線或迷你故事；情境允許時也可和非駕駛同行者一起想。,true,false,false,true,true,"Use these cards at home. Adults keep control of travel documents, medicine, keys and final packing decisions.",請在家使用這組卡片。旅行文件、藥物、鑰匙與最後打包決定，全都由大人保管與確認。,faa-child-safety-seat-tips|nhtsa-car-seats|dot-family-air-travel|ftc-children-privacy
airport,Airport,機場,target-01,two different signs visible from your current waiting spot,從目前等待位置看得到的兩種標誌,watch,Watch or point,看一看／指出來,"From your current spot, notice two different signs visible from your current waiting spot. Point only when the setting permits and your supervising adult has said it is safe; never ask a driver to look.",從目前位置觀察「從目前等待位置看得到的兩種標誌」。只有在情境允許且陪同大人已確認安全時，才從原地指出來；絕不要求駕駛查看。,true,false,false,true,true,"Stay beside the supervising adult, keep paths and checkpoints clear, and follow airport and security staff. These cards never ask for photos.",留在陪同大人身旁，不阻擋走道或安檢區，並遵守機場與安檢人員指示。這組卡片完全沒有拍照任務。,tsa-checkpoint-photography|dot-family-air-travel
airport,Airport,機場,target-01,two different signs visible from your current waiting spot,從目前等待位置看得到的兩種標誌,describe,Notice or describe,觀察／描述,"Notice two different signs visible from your current waiting spot. Think of one colour, shape, sound or detail. Share only with a non-driving companion when the setting permits.",觀察「從目前等待位置看得到的兩種標誌」，想一個顏色、形狀、聲音或細節；只有在情境允許且有非駕駛同行者時才分享。,true,false,false,true,true,"Stay beside the supervising adult, keep paths and checkpoints clear, and follow airport and security staff. These cards never ask for photos.",留在陪同大人身旁，不阻擋走道或安檢區，並遵守機場與安檢人員指示。這組卡片完全沒有拍照任務。,tsa-checkpoint-photography|dot-family-air-travel
airport,Airport,機場,target-01,two different signs visible from your current waiting spot,從目前等待位置看得到的兩種標誌,create,Plan or create,規劃／創作,"Use two different signs visible from your current waiting spot as a prompt. Invent one kind question, route idea or tiny story alone or with a non-driving companion when permitted.",以「從目前等待位置看得到的兩種標誌」為提示，自己想一個友善問題、小路線或迷你故事；情境允許時也可和非駕駛同行者一起想。,true,false,false,true,true,"Stay beside the supervising adult, keep paths and checkpoints clear, and follow airport and security staff. These cards never ask for photos.",留在陪同大人身旁，不阻擋走道或安檢區，並遵守機場與安檢人員指示。這組卡片完全沒有拍照任務。,tsa-checkpoint-photography|dot-family-air-travel
airport,Airport,機場,target-02,a vehicle seen through a window,一台從窗戶看得到的車輛,watch,Watch or point,看一看／指出來,"From your current spot, notice a vehicle seen through a window. Point only when the setting permits and your supervising adult has said it is safe; never ask a driver to look.",從目前位置觀察「一台從窗戶看得到的車輛」。只有在情境允許且陪同大人已確認安全時，才從原地指出來；絕不要求駕駛查看。,true,false,false,true,true,"Stay beside the supervising adult, keep paths and checkpoints clear, and follow airport and security staff. These cards never ask for photos.",留在陪同大人身旁，不阻擋走道或安檢區，並遵守機場與安檢人員指示。這組卡片完全沒有拍照任務。,tsa-checkpoint-photography|dot-family-air-travel
airport,Airport,機場,target-02,a vehicle seen through a window,一台從窗戶看得到的車輛,describe,Notice or describe,觀察／描述,"Notice a vehicle seen through a window. Think of one colour, shape, sound or detail. Share only with a non-driving companion when the setting permits.",觀察「一台從窗戶看得到的車輛」，想一個顏色、形狀、聲音或細節；只有在情境允許且有非駕駛同行者時才分享。,true,false,false,true,true,"Stay beside the supervising adult, keep paths and checkpoints clear, and follow airport and security staff. These cards never ask for photos.",留在陪同大人身旁，不阻擋走道或安檢區，並遵守機場與安檢人員指示。這組卡片完全沒有拍照任務。,tsa-checkpoint-photography|dot-family-air-travel
airport,Airport,機場,target-02,a vehicle seen through a window,一台從窗戶看得到的車輛,create,Plan or create,規劃／創作,"Use a vehicle seen through a window as a prompt. Invent one kind question, route idea or tiny story alone or with a non-driving companion when permitted.",以「一台從窗戶看得到的車輛」為提示，自己想一個友善問題、小路線或迷你故事；情境允許時也可和非駕駛同行者一起想。,true,false,false,true,true,"Stay beside the supervising adult, keep paths and checkpoints clear, and follow airport and security staff. These cards never ask for photos.",留在陪同大人身旁，不阻擋走道或安檢區，並遵守機場與安檢人員指示。這組卡片完全沒有拍照任務。,tsa-checkpoint-photography|dot-family-air-travel
airport,Airport,機場,target-03,one repeating shape in the building,建築裡一種重複出現的形狀,watch,Watch or point,看一看／指出來,"From your current spot, notice one repeating shape in the building. Point only when the setting permits and your supervising adult has said it is safe; never ask a driver to look.",從目前位置觀察「建築裡一種重複出現的形狀」。只有在情境允許且陪同大人已確認安全時，才從原地指出來；絕不要求駕駛查看。,true,false,false,true,true,"Stay beside the supervising adult, keep paths and checkpoints clear, and follow airport and security staff. These cards never ask for photos.",留在陪同大人身旁，不阻擋走道或安檢區，並遵守機場與安檢人員指示。這組卡片完全沒有拍照任務。,tsa-checkpoint-photography|dot-family-air-travel
airport,Airport,機場,target-03,one repeating shape in the building,建築裡一種重複出現的形狀,describe,Notice or describe,觀察／描述,"Notice one repeating shape in the building. Think of one colour, shape, sound or detail. Share only with a non-driving companion when the setting permits.",觀察「建築裡一種重複出現的形狀」，想一個顏色、形狀、聲音或細節；只有在情境允許且有非駕駛同行者時才分享。,true,false,false,true,true,"Stay beside the supervising adult, keep paths and checkpoints clear, and follow airport and security staff. These cards never ask for photos.",留在陪同大人身旁，不阻擋走道或安檢區，並遵守機場與安檢人員指示。這組卡片完全沒有拍照任務。,tsa-checkpoint-photography|dot-family-air-travel
airport,Airport,機場,target-03,one repeating shape in the building,建築裡一種重複出現的形狀,create,Plan or create,規劃／創作,"Use one repeating shape in the building as a prompt. Invent one kind question, route idea or tiny story alone or with a non-driving companion when permitted.",以「建築裡一種重複出現的形狀」為提示，自己想一個友善問題、小路線或迷你故事；情境允許時也可和非駕駛同行者一起想。,true,false,false,true,true,"Stay beside the supervising adult, keep paths and checkpoints clear, and follow airport and security staff. These cards never ask for photos.",留在陪同大人身旁，不阻擋走道或安檢區，並遵守機場與安檢人員指示。這組卡片完全沒有拍照任務。,tsa-checkpoint-photography|dot-family-air-travel
airport,Airport,機場,target-04,one colour worn by staff,工作人員身上的一種顏色,watch,Watch or point,看一看／指出來,"From your current spot, notice one colour worn by staff. Point only when the setting permits and your supervising adult has said it is safe; never ask a driver to look.",從目前位置觀察「工作人員身上的一種顏色」。只有在情境允許且陪同大人已確認安全時，才從原地指出來；絕不要求駕駛查看。,true,false,false,true,true,"Stay beside the supervising adult, keep paths and checkpoints clear, and follow airport and security staff. These cards never ask for photos.",留在陪同大人身旁，不阻擋走道或安檢區，並遵守機場與安檢人員指示。這組卡片完全沒有拍照任務。,tsa-checkpoint-photography|dot-family-air-travel
airport,Airport,機場,target-04,one colour worn by staff,工作人員身上的一種顏色,describe,Notice or describe,觀察／描述,"Notice one colour worn by staff. Think of one colour, shape, sound or detail. Share only with a non-driving companion when the setting permits.",觀察「工作人員身上的一種顏色」，想一個顏色、形狀、聲音或細節；只有在情境允許且有非駕駛同行者時才分享。,true,false,false,true,true,"Stay beside the supervising adult, keep paths and checkpoints clear, and follow airport and security staff. These cards never ask for photos.",留在陪同大人身旁，不阻擋走道或安檢區，並遵守機場與安檢人員指示。這組卡片完全沒有拍照任務。,tsa-checkpoint-photography|dot-family-air-travel
airport,Airport,機場,target-04,one colour worn by staff,工作人員身上的一種顏色,create,Plan or create,規劃／創作,"Use one colour worn by staff as a prompt. Invent one kind question, route idea or tiny story alone or with a non-driving companion when permitted.",以「工作人員身上的一種顏色」為提示，自己想一個友善問題、小路線或迷你故事；情境允許時也可和非駕駛同行者一起想。,true,false,false,true,true,"Stay beside the supervising adult, keep paths and checkpoints clear, and follow airport and security staff. These cards never ask for photos.",留在陪同大人身旁，不阻擋走道或安檢區，並遵守機場與安檢人員指示。這組卡片完全沒有拍照任務。,tsa-checkpoint-photography|dot-family-air-travel
airport,Airport,機場,target-05,an object with wheels,一件有輪子的物品,watch,Watch or point,看一看／指出來,"From your current spot, notice an object with wheels. Point only when the setting permits and your supervising adult has said it is safe; never ask a driver to look.",從目前位置觀察「一件有輪子的物品」。只有在情境允許且陪同大人已確認安全時，才從原地指出來；絕不要求駕駛查看。,true,false,false,true,true,"Stay beside the supervising adult, keep paths and checkpoints clear, and follow airport and security staff. These cards never ask for photos.",留在陪同大人身旁，不阻擋走道或安檢區，並遵守機場與安檢人員指示。這組卡片完全沒有拍照任務。,tsa-checkpoint-photography|dot-family-air-travel
airport,Airport,機場,target-05,an object with wheels,一件有輪子的物品,describe,Notice or describe,觀察／描述,"Notice an object with wheels. Think of one colour, shape, sound or detail. Share only with a non-driving companion when the setting permits.",觀察「一件有輪子的物品」，想一個顏色、形狀、聲音或細節；只有在情境允許且有非駕駛同行者時才分享。,true,false,false,true,true,"Stay beside the supervising adult, keep paths and checkpoints clear, and follow airport and security staff. These cards never ask for photos.",留在陪同大人身旁，不阻擋走道或安檢區，並遵守機場與安檢人員指示。這組卡片完全沒有拍照任務。,tsa-checkpoint-photography|dot-family-air-travel
airport,Airport,機場,target-05,an object with wheels,一件有輪子的物品,create,Plan or create,規劃／創作,"Use an object with wheels as a prompt. Invent one kind question, route idea or tiny story alone or with a non-driving companion when permitted.",以「一件有輪子的物品」為提示，自己想一個友善問題、小路線或迷你故事；情境允許時也可和非駕駛同行者一起想。,true,false,false,true,true,"Stay beside the supervising adult, keep paths and checkpoints clear, and follow airport and security staff. These cards never ask for photos.",留在陪同大人身旁，不阻擋走道或安檢區，並遵守機場與安檢人員指示。這組卡片完全沒有拍照任務。,tsa-checkpoint-photography|dot-family-air-travel
airport,Airport,機場,target-06,one quiet sound and one louder sound,一個安靜聲音與一個較大的聲音,watch,Watch or point,看一看／指出來,"From your current spot, notice one quiet sound and one louder sound. Point only when the setting permits and your supervising adult has said it is safe; never ask a driver to look.",從目前位置觀察「一個安靜聲音與一個較大的聲音」。只有在情境允許且陪同大人已確認安全時，才從原地指出來；絕不要求駕駛查看。,true,false,false,true,true,"Stay beside the supervising adult, keep paths and checkpoints clear, and follow airport and security staff. These cards never ask for photos.",留在陪同大人身旁，不阻擋走道或安檢區，並遵守機場與安檢人員指示。這組卡片完全沒有拍照任務。,tsa-checkpoint-photography|dot-family-air-travel
airport,Airport,機場,target-06,one quiet sound and one louder sound,一個安靜聲音與一個較大的聲音,describe,Notice or describe,觀察／描述,"Notice one quiet sound and one louder sound. Think of one colour, shape, sound or detail. Share only with a non-driving companion when the setting permits.",觀察「一個安靜聲音與一個較大的聲音」，想一個顏色、形狀、聲音或細節；只有在情境允許且有非駕駛同行者時才分享。,true,false,false,true,true,"Stay beside the supervising adult, keep paths and checkpoints clear, and follow airport and security staff. These cards never ask for photos.",留在陪同大人身旁，不阻擋走道或安檢區，並遵守機場與安檢人員指示。這組卡片完全沒有拍照任務。,tsa-checkpoint-photography|dot-family-air-travel
airport,Airport,機場,target-06,one quiet sound and one louder sound,一個安靜聲音與一個較大的聲音,create,Plan or create,規劃／創作,"Use one quiet sound and one louder sound as a prompt. Invent one kind question, route idea or tiny story alone or with a non-driving companion when permitted.",以「一個安靜聲音與一個較大的聲音」為提示，自己想一個友善問題、小路線或迷你故事；情境允許時也可和非駕駛同行者一起想。,true,false,false,true,true,"Stay beside the supervising adult, keep paths and checkpoints clear, and follow airport and security staff. These cards never ask for photos.",留在陪同大人身旁，不阻擋走道或安檢區，並遵守機場與安檢人員指示。這組卡片完全沒有拍照任務。,tsa-checkpoint-photography|dot-family-air-travel
airport,Airport,機場,target-07,one symbol that helps people find a place,一個協助旅客找到地點的符號,watch,Watch or point,看一看／指出來,"From your current spot, notice one symbol that helps people find a place. Point only when the setting permits and your supervising adult has said it is safe; never ask a driver to look.",從目前位置觀察「一個協助旅客找到地點的符號」。只有在情境允許且陪同大人已確認安全時，才從原地指出來；絕不要求駕駛查看。,true,false,false,true,true,"Stay beside the supervising adult, keep paths and checkpoints clear, and follow airport and security staff. These cards never ask for photos.",留在陪同大人身旁，不阻擋走道或安檢區，並遵守機場與安檢人員指示。這組卡片完全沒有拍照任務。,tsa-checkpoint-photography|dot-family-air-travel
airport,Airport,機場,target-07,one symbol that helps people find a place,一個協助旅客找到地點的符號,describe,Notice or describe,觀察／描述,"Notice one symbol that helps people find a place. Think of one colour, shape, sound or detail. Share only with a non-driving companion when the setting permits.",觀察「一個協助旅客找到地點的符號」，想一個顏色、形狀、聲音或細節；只有在情境允許且有非駕駛同行者時才分享。,true,false,false,true,true,"Stay beside the supervising adult, keep paths and checkpoints clear, and follow airport and security staff. These cards never ask for photos.",留在陪同大人身旁，不阻擋走道或安檢區，並遵守機場與安檢人員指示。這組卡片完全沒有拍照任務。,tsa-checkpoint-photography|dot-family-air-travel
airport,Airport,機場,target-07,one symbol that helps people find a place,一個協助旅客找到地點的符號,create,Plan or create,規劃／創作,"Use one symbol that helps people find a place as a prompt. Invent one kind question, route idea or tiny story alone or with a non-driving companion when permitted.",以「一個協助旅客找到地點的符號」為提示，自己想一個友善問題、小路線或迷你故事；情境允許時也可和非駕駛同行者一起想。,true,false,false,true,true,"Stay beside the supervising adult, keep paths and checkpoints clear, and follow airport and security staff. These cards never ask for photos.",留在陪同大人身旁，不阻擋走道或安檢區，並遵守機場與安檢人員指示。這組卡片完全沒有拍照任務。,tsa-checkpoint-photography|dot-family-air-travel
flight,Flight,飛行途中,target-01,"one shape outside the window, if your seat has a view",座位看得到窗外時，窗外的一種形狀,watch,Watch or point,看一看／指出來,"From your current spot, notice one shape outside the window, if your seat has a view. Point only when the setting permits and your supervising adult has said it is safe; never ask a driver to look.",從目前位置觀察「座位看得到窗外時，窗外的一種形狀」。只有在情境允許且陪同大人已確認安全時，才從原地指出來；絕不要求駕駛查看。,true,false,false,true,true,"Use only while seated and when the crew permits it. Stop for safety briefings, instructions, turbulence or whenever the adult says to pause.",只有在坐好且機組人員允許時才使用。安全說明、任何指示、亂流，或大人要求暫停時，立即停止活動。,faa-child-safety-seat-tips|dot-family-air-travel
flight,Flight,飛行途中,target-01,"one shape outside the window, if your seat has a view",座位看得到窗外時，窗外的一種形狀,describe,Notice or describe,觀察／描述,"Notice one shape outside the window, if your seat has a view. Think of one colour, shape, sound or detail. Share only with a non-driving companion when the setting permits.",觀察「座位看得到窗外時，窗外的一種形狀」，想一個顏色、形狀、聲音或細節；只有在情境允許且有非駕駛同行者時才分享。,true,false,false,true,true,"Use only while seated and when the crew permits it. Stop for safety briefings, instructions, turbulence or whenever the adult says to pause.",只有在坐好且機組人員允許時才使用。安全說明、任何指示、亂流，或大人要求暫停時，立即停止活動。,faa-child-safety-seat-tips|dot-family-air-travel
flight,Flight,飛行途中,target-01,"one shape outside the window, if your seat has a view",座位看得到窗外時，窗外的一種形狀,create,Plan or create,規劃／創作,"Use one shape outside the window, if your seat has a view as a prompt. Invent one kind question, route idea or tiny story alone or with a non-driving companion when permitted.",以「座位看得到窗外時，窗外的一種形狀」為提示，自己想一個友善問題、小路線或迷你故事；情境允許時也可和非駕駛同行者一起想。,true,false,false,true,true,"Use only while seated and when the crew permits it. Stop for safety briefings, instructions, turbulence or whenever the adult says to pause.",只有在坐好且機組人員允許時才使用。安全說明、任何指示、亂流，或大人要求暫停時，立即停止活動。,faa-child-safety-seat-tips|dot-family-air-travel
flight,Flight,飛行途中,target-02,two different materials near your seat,座位附近兩種不同材質,watch,Watch or point,看一看／指出來,"From your current spot, notice two different materials near your seat. Point only when the setting permits and your supervising adult has said it is safe; never ask a driver to look.",從目前位置觀察「座位附近兩種不同材質」。只有在情境允許且陪同大人已確認安全時，才從原地指出來；絕不要求駕駛查看。,true,false,false,true,true,"Use only while seated and when the crew permits it. Stop for safety briefings, instructions, turbulence or whenever the adult says to pause.",只有在坐好且機組人員允許時才使用。安全說明、任何指示、亂流，或大人要求暫停時，立即停止活動。,faa-child-safety-seat-tips|dot-family-air-travel
flight,Flight,飛行途中,target-02,two different materials near your seat,座位附近兩種不同材質,describe,Notice or describe,觀察／描述,"Notice two different materials near your seat. Think of one colour, shape, sound or detail. Share only with a non-driving companion when the setting permits.",觀察「座位附近兩種不同材質」，想一個顏色、形狀、聲音或細節；只有在情境允許且有非駕駛同行者時才分享。,true,false,false,true,true,"Use only while seated and when the crew permits it. Stop for safety briefings, instructions, turbulence or whenever the adult says to pause.",只有在坐好且機組人員允許時才使用。安全說明、任何指示、亂流，或大人要求暫停時，立即停止活動。,faa-child-safety-seat-tips|dot-family-air-travel
flight,Flight,飛行途中,target-02,two different materials near your seat,座位附近兩種不同材質,create,Plan or create,規劃／創作,"Use two different materials near your seat as a prompt. Invent one kind question, route idea or tiny story alone or with a non-driving companion when permitted.",以「座位附近兩種不同材質」為提示，自己想一個友善問題、小路線或迷你故事；情境允許時也可和非駕駛同行者一起想。,true,false,false,true,true,"Use only while seated and when the crew permits it. Stop for safety briefings, instructions, turbulence or whenever the adult says to pause.",只有在坐好且機組人員允許時才使用。安全說明、任何指示、亂流，或大人要求暫停時，立即停止活動。,faa-child-safety-seat-tips|dot-family-air-travel
flight,Flight,飛行途中,target-03,one quiet sound,一個安靜的聲音,watch,Watch or point,看一看／指出來,"From your current spot, notice one quiet sound. Point only when the setting permits and your supervising adult has said it is safe; never ask a driver to look.",從目前位置觀察「一個安靜的聲音」。只有在情境允許且陪同大人已確認安全時，才從原地指出來；絕不要求駕駛查看。,true,false,false,true,true,"Use only while seated and when the crew permits it. Stop for safety briefings, instructions, turbulence or whenever the adult says to pause.",只有在坐好且機組人員允許時才使用。安全說明、任何指示、亂流，或大人要求暫停時，立即停止活動。,faa-child-safety-seat-tips|dot-family-air-travel
flight,Flight,飛行途中,target-03,one quiet sound,一個安靜的聲音,describe,Notice or describe,觀察／描述,"Notice one quiet sound. Think of one colour, shape, sound or detail. Share only with a non-driving companion when the setting permits.",觀察「一個安靜的聲音」，想一個顏色、形狀、聲音或細節；只有在情境允許且有非駕駛同行者時才分享。,true,false,false,true,true,"Use only while seated and when the crew permits it. Stop for safety briefings, instructions, turbulence or whenever the adult says to pause.",只有在坐好且機組人員允許時才使用。安全說明、任何指示、亂流，或大人要求暫停時，立即停止活動。,faa-child-safety-seat-tips|dot-family-air-travel
flight,Flight,飛行途中,target-03,one quiet sound,一個安靜的聲音,create,Plan or create,規劃／創作,"Use one quiet sound as a prompt. Invent one kind question, route idea or tiny story alone or with a non-driving companion when permitted.",以「一個安靜的聲音」為提示，自己想一個友善問題、小路線或迷你故事；情境允許時也可和非駕駛同行者一起想。,true,false,false,true,true,"Use only while seated and when the crew permits it. Stop for safety briefings, instructions, turbulence or whenever the adult says to pause.",只有在坐好且機組人員允許時才使用。安全說明、任何指示、亂流，或大人要求暫停時，立即停止活動。,faa-child-safety-seat-tips|dot-family-air-travel
flight,Flight,飛行途中,target-04,one object that folds,一件可以折疊的物品,watch,Watch or point,看一看／指出來,"From your current spot, notice one object that folds. Point only when the setting permits and your supervising adult has said it is safe; never ask a driver to look.",從目前位置觀察「一件可以折疊的物品」。只有在情境允許且陪同大人已確認安全時，才從原地指出來；絕不要求駕駛查看。,true,false,false,true,true,"Use only while seated and when the crew permits it. Stop for safety briefings, instructions, turbulence or whenever the adult says to pause.",只有在坐好且機組人員允許時才使用。安全說明、任何指示、亂流，或大人要求暫停時，立即停止活動。,faa-child-safety-seat-tips|dot-family-air-travel
flight,Flight,飛行途中,target-04,one object that folds,一件可以折疊的物品,describe,Notice or describe,觀察／描述,"Notice one object that folds. Think of one colour, shape, sound or detail. Share only with a non-driving companion when the setting permits.",觀察「一件可以折疊的物品」，想一個顏色、形狀、聲音或細節；只有在情境允許且有非駕駛同行者時才分享。,true,false,false,true,true,"Use only while seated and when the crew permits it. Stop for safety briefings, instructions, turbulence or whenever the adult says to pause.",只有在坐好且機組人員允許時才使用。安全說明、任何指示、亂流，或大人要求暫停時，立即停止活動。,faa-child-safety-seat-tips|dot-family-air-travel
flight,Flight,飛行途中,target-04,one object that folds,一件可以折疊的物品,create,Plan or create,規劃／創作,"Use one object that folds as a prompt. Invent one kind question, route idea or tiny story alone or with a non-driving companion when permitted.",以「一件可以折疊的物品」為提示，自己想一個友善問題、小路線或迷你故事；情境允許時也可和非駕駛同行者一起想。,true,false,false,true,true,"Use only while seated and when the crew permits it. Stop for safety briefings, instructions, turbulence or whenever the adult says to pause.",只有在坐好且機組人員允許時才使用。安全說明、任何指示、亂流，或大人要求暫停時，立即停止活動。,faa-child-safety-seat-tips|dot-family-air-travel
flight,Flight,飛行途中,target-05,one item the crew uses to share information,一件機組人員用來傳達資訊的物品,watch,Watch or point,看一看／指出來,"From your current spot, notice one item the crew uses to share information. Point only when the setting permits and your supervising adult has said it is safe; never ask a driver to look.",從目前位置觀察「一件機組人員用來傳達資訊的物品」。只有在情境允許且陪同大人已確認安全時，才從原地指出來；絕不要求駕駛查看。,true,false,false,true,true,"Use only while seated and when the crew permits it. Stop for safety briefings, instructions, turbulence or whenever the adult says to pause.",只有在坐好且機組人員允許時才使用。安全說明、任何指示、亂流，或大人要求暫停時，立即停止活動。,faa-child-safety-seat-tips|dot-family-air-travel
flight,Flight,飛行途中,target-05,one item the crew uses to share information,一件機組人員用來傳達資訊的物品,describe,Notice or describe,觀察／描述,"Notice one item the crew uses to share information. Think of one colour, shape, sound or detail. Share only with a non-driving companion when the setting permits.",觀察「一件機組人員用來傳達資訊的物品」，想一個顏色、形狀、聲音或細節；只有在情境允許且有非駕駛同行者時才分享。,true,false,false,true,true,"Use only while seated and when the crew permits it. Stop for safety briefings, instructions, turbulence or whenever the adult says to pause.",只有在坐好且機組人員允許時才使用。安全說明、任何指示、亂流，或大人要求暫停時，立即停止活動。,faa-child-safety-seat-tips|dot-family-air-travel
flight,Flight,飛行途中,target-05,one item the crew uses to share information,一件機組人員用來傳達資訊的物品,create,Plan or create,規劃／創作,"Use one item the crew uses to share information as a prompt. Invent one kind question, route idea or tiny story alone or with a non-driving companion when permitted.",以「一件機組人員用來傳達資訊的物品」為提示，自己想一個友善問題、小路線或迷你故事；情境允許時也可和非駕駛同行者一起想。,true,false,false,true,true,"Use only while seated and when the crew permits it. Stop for safety briefings, instructions, turbulence or whenever the adult says to pause.",只有在坐好且機組人員允許時才使用。安全說明、任何指示、亂流，或大人要求暫停時，立即停止活動。,faa-child-safety-seat-tips|dot-family-air-travel
flight,Flight,飛行途中,target-06,"one cloud shape, if visible",看得到天空時，一朵雲的形狀,watch,Watch or point,看一看／指出來,"From your current spot, notice one cloud shape, if visible. Point only when the setting permits and your supervising adult has said it is safe; never ask a driver to look.",從目前位置觀察「看得到天空時，一朵雲的形狀」。只有在情境允許且陪同大人已確認安全時，才從原地指出來；絕不要求駕駛查看。,true,false,false,true,true,"Use only while seated and when the crew permits it. Stop for safety briefings, instructions, turbulence or whenever the adult says to pause.",只有在坐好且機組人員允許時才使用。安全說明、任何指示、亂流，或大人要求暫停時，立即停止活動。,faa-child-safety-seat-tips|dot-family-air-travel
flight,Flight,飛行途中,target-06,"one cloud shape, if visible",看得到天空時，一朵雲的形狀,describe,Notice or describe,觀察／描述,"Notice one cloud shape, if visible. Think of one colour, shape, sound or detail. Share only with a non-driving companion when the setting permits.",觀察「看得到天空時，一朵雲的形狀」，想一個顏色、形狀、聲音或細節；只有在情境允許且有非駕駛同行者時才分享。,true,false,false,true,true,"Use only while seated and when the crew permits it. Stop for safety briefings, instructions, turbulence or whenever the adult says to pause.",只有在坐好且機組人員允許時才使用。安全說明、任何指示、亂流，或大人要求暫停時，立即停止活動。,faa-child-safety-seat-tips|dot-family-air-travel
flight,Flight,飛行途中,target-06,"one cloud shape, if visible",看得到天空時，一朵雲的形狀,create,Plan or create,規劃／創作,"Use one cloud shape, if visible as a prompt. Invent one kind question, route idea or tiny story alone or with a non-driving companion when permitted.",以「看得到天空時，一朵雲的形狀」為提示，自己想一個友善問題、小路線或迷你故事；情境允許時也可和非駕駛同行者一起想。,true,false,false,true,true,"Use only while seated and when the crew permits it. Stop for safety briefings, instructions, turbulence or whenever the adult says to pause.",只有在坐好且機組人員允許時才使用。安全說明、任何指示、亂流，或大人要求暫停時，立即停止活動。,faa-child-safety-seat-tips|dot-family-air-travel
flight,Flight,飛行途中,target-07,one polite way to help your row,一種可協助同排乘客的禮貌做法,watch,Watch or point,看一看／指出來,"From your current spot, notice one polite way to help your row. Point only when the setting permits and your supervising adult has said it is safe; never ask a driver to look.",從目前位置觀察「一種可協助同排乘客的禮貌做法」。只有在情境允許且陪同大人已確認安全時，才從原地指出來；絕不要求駕駛查看。,true,false,false,true,true,"Use only while seated and when the crew permits it. Stop for safety briefings, instructions, turbulence or whenever the adult says to pause.",只有在坐好且機組人員允許時才使用。安全說明、任何指示、亂流，或大人要求暫停時，立即停止活動。,faa-child-safety-seat-tips|dot-family-air-travel
flight,Flight,飛行途中,target-07,one polite way to help your row,一種可協助同排乘客的禮貌做法,describe,Notice or describe,觀察／描述,"Notice one polite way to help your row. Think of one colour, shape, sound or detail. Share only with a non-driving companion when the setting permits.",觀察「一種可協助同排乘客的禮貌做法」，想一個顏色、形狀、聲音或細節；只有在情境允許且有非駕駛同行者時才分享。,true,false,false,true,true,"Use only while seated and when the crew permits it. Stop for safety briefings, instructions, turbulence or whenever the adult says to pause.",只有在坐好且機組人員允許時才使用。安全說明、任何指示、亂流，或大人要求暫停時，立即停止活動。,faa-child-safety-seat-tips|dot-family-air-travel
flight,Flight,飛行途中,target-07,one polite way to help your row,一種可協助同排乘客的禮貌做法,create,Plan or create,規劃／創作,"Use one polite way to help your row as a prompt. Invent one kind question, route idea or tiny story alone or with a non-driving companion when permitted.",以「一種可協助同排乘客的禮貌做法」為提示，自己想一個友善問題、小路線或迷你故事；情境允許時也可和非駕駛同行者一起想。,true,false,false,true,true,"Use only while seated and when the crew permits it. Stop for safety briefings, instructions, turbulence or whenever the adult says to pause.",只有在坐好且機組人員允許時才使用。安全說明、任何指示、亂流，或大人要求暫停時，立即停止活動。,faa-child-safety-seat-tips|dot-family-air-travel
road-trip,Road trip,公路旅行,target-01,one colour repeated on two road signs,兩個道路標誌上重複出現的一種顏色,watch,Watch or point,看一看／指出來,"From your current spot, notice one colour repeated on two road signs. Point only when the setting permits and your supervising adult has said it is safe; never ask a driver to look.",從目前位置觀察「兩個道路標誌上重複出現的一種顏色」。只有在情境允許且陪同大人已確認安全時，才從原地指出來；絕不要求駕駛查看。,true,false,false,true,true,"Observe only from a correctly restrained passenger seat. The driver never reads, answers or operates these cards while driving.",只能從正確使用安全座椅或安全帶的乘客座位觀察。行車期間，駕駛絕不閱讀、回答或操作卡片。,nhtsa-car-seats
road-trip,Road trip,公路旅行,target-01,one colour repeated on two road signs,兩個道路標誌上重複出現的一種顏色,describe,Notice or describe,觀察／描述,"Notice one colour repeated on two road signs. Think of one colour, shape, sound or detail. Share only with a non-driving companion when the setting permits.",觀察「兩個道路標誌上重複出現的一種顏色」，想一個顏色、形狀、聲音或細節；只有在情境允許且有非駕駛同行者時才分享。,true,false,false,true,true,"Observe only from a correctly restrained passenger seat. The driver never reads, answers or operates these cards while driving.",只能從正確使用安全座椅或安全帶的乘客座位觀察。行車期間，駕駛絕不閱讀、回答或操作卡片。,nhtsa-car-seats
road-trip,Road trip,公路旅行,target-01,one colour repeated on two road signs,兩個道路標誌上重複出現的一種顏色,create,Plan or create,規劃／創作,"Use one colour repeated on two road signs as a prompt. Invent one kind question, route idea or tiny story alone or with a non-driving companion when permitted.",以「兩個道路標誌上重複出現的一種顏色」為提示，自己想一個友善問題、小路線或迷你故事；情境允許時也可和非駕駛同行者一起想。,true,false,false,true,true,"Observe only from a correctly restrained passenger seat. The driver never reads, answers or operates these cards while driving.",只能從正確使用安全座椅或安全帶的乘客座位觀察。行車期間，駕駛絕不閱讀、回答或操作卡片。,nhtsa-car-seats
road-trip,Road trip,公路旅行,target-02,"a bridge, tunnel or overpass",一座橋、隧道或高架道路,watch,Watch or point,看一看／指出來,"From your current spot, notice a bridge, tunnel or overpass. Point only when the setting permits and your supervising adult has said it is safe; never ask a driver to look.",從目前位置觀察「一座橋、隧道或高架道路」。只有在情境允許且陪同大人已確認安全時，才從原地指出來；絕不要求駕駛查看。,true,false,false,true,true,"Observe only from a correctly restrained passenger seat. The driver never reads, answers or operates these cards while driving.",只能從正確使用安全座椅或安全帶的乘客座位觀察。行車期間，駕駛絕不閱讀、回答或操作卡片。,nhtsa-car-seats
road-trip,Road trip,公路旅行,target-02,"a bridge, tunnel or overpass",一座橋、隧道或高架道路,describe,Notice or describe,觀察／描述,"Notice a bridge, tunnel or overpass. Think of one colour, shape, sound or detail. Share only with a non-driving companion when the setting permits.",觀察「一座橋、隧道或高架道路」，想一個顏色、形狀、聲音或細節；只有在情境允許且有非駕駛同行者時才分享。,true,false,false,true,true,"Observe only from a correctly restrained passenger seat. The driver never reads, answers or operates these cards while driving.",只能從正確使用安全座椅或安全帶的乘客座位觀察。行車期間，駕駛絕不閱讀、回答或操作卡片。,nhtsa-car-seats
road-trip,Road trip,公路旅行,target-02,"a bridge, tunnel or overpass",一座橋、隧道或高架道路,create,Plan or create,規劃／創作,"Use a bridge, tunnel or overpass as a prompt. Invent one kind question, route idea or tiny story alone or with a non-driving companion when permitted.",以「一座橋、隧道或高架道路」為提示，自己想一個友善問題、小路線或迷你故事；情境允許時也可和非駕駛同行者一起想。,true,false,false,true,true,"Observe only from a correctly restrained passenger seat. The driver never reads, answers or operates these cards while driving.",只能從正確使用安全座椅或安全帶的乘客座位觀察。行車期間，駕駛絕不閱讀、回答或操作卡片。,nhtsa-car-seats
road-trip,Road trip,公路旅行,target-03,one changing landscape feature,一項逐漸改變的地景,watch,Watch or point,看一看／指出來,"From your current spot, notice one changing landscape feature. Point only when the setting permits and your supervising adult has said it is safe; never ask a driver to look.",從目前位置觀察「一項逐漸改變的地景」。只有在情境允許且陪同大人已確認安全時，才從原地指出來；絕不要求駕駛查看。,true,false,false,true,true,"Observe only from a correctly restrained passenger seat. The driver never reads, answers or operates these cards while driving.",只能從正確使用安全座椅或安全帶的乘客座位觀察。行車期間，駕駛絕不閱讀、回答或操作卡片。,nhtsa-car-seats
road-trip,Road trip,公路旅行,target-03,one changing landscape feature,一項逐漸改變的地景,describe,Notice or describe,觀察／描述,"Notice one changing landscape feature. Think of one colour, shape, sound or detail. Share only with a non-driving companion when the setting permits.",觀察「一項逐漸改變的地景」，想一個顏色、形狀、聲音或細節；只有在情境允許且有非駕駛同行者時才分享。,true,false,false,true,true,"Observe only from a correctly restrained passenger seat. The driver never reads, answers or operates these cards while driving.",只能從正確使用安全座椅或安全帶的乘客座位觀察。行車期間，駕駛絕不閱讀、回答或操作卡片。,nhtsa-car-seats
road-trip,Road trip,公路旅行,target-03,one changing landscape feature,一項逐漸改變的地景,create,Plan or create,規劃／創作,"Use one changing landscape feature as a prompt. Invent one kind question, route idea or tiny story alone or with a non-driving companion when permitted.",以「一項逐漸改變的地景」為提示，自己想一個友善問題、小路線或迷你故事；情境允許時也可和非駕駛同行者一起想。,true,false,false,true,true,"Observe only from a correctly restrained passenger seat. The driver never reads, answers or operates these cards while driving.",只能從正確使用安全座椅或安全帶的乘客座位觀察。行車期間，駕駛絕不閱讀、回答或操作卡片。,nhtsa-car-seats
road-trip,Road trip,公路旅行,target-04,a vehicle carrying something unusual,一台載著特別物品的車輛,watch,Watch or point,看一看／指出來,"From your current spot, notice a vehicle carrying something unusual. Point only when the setting permits and your supervising adult has said it is safe; never ask a driver to look.",從目前位置觀察「一台載著特別物品的車輛」。只有在情境允許且陪同大人已確認安全時，才從原地指出來；絕不要求駕駛查看。,true,false,false,true,true,"Observe only from a correctly restrained passenger seat. The driver never reads, answers or operates these cards while driving.",只能從正確使用安全座椅或安全帶的乘客座位觀察。行車期間，駕駛絕不閱讀、回答或操作卡片。,nhtsa-car-seats
road-trip,Road trip,公路旅行,target-04,a vehicle carrying something unusual,一台載著特別物品的車輛,describe,Notice or describe,觀察／描述,"Notice a vehicle carrying something unusual. Think of one colour, shape, sound or detail. Share only with a non-driving companion when the setting permits.",觀察「一台載著特別物品的車輛」，想一個顏色、形狀、聲音或細節；只有在情境允許且有非駕駛同行者時才分享。,true,false,false,true,true,"Observe only from a correctly restrained passenger seat. The driver never reads, answers or operates these cards while driving.",只能從正確使用安全座椅或安全帶的乘客座位觀察。行車期間，駕駛絕不閱讀、回答或操作卡片。,nhtsa-car-seats
road-trip,Road trip,公路旅行,target-04,a vehicle carrying something unusual,一台載著特別物品的車輛,create,Plan or create,規劃／創作,"Use a vehicle carrying something unusual as a prompt. Invent one kind question, route idea or tiny story alone or with a non-driving companion when permitted.",以「一台載著特別物品的車輛」為提示，自己想一個友善問題、小路線或迷你故事；情境允許時也可和非駕駛同行者一起想。,true,false,false,true,true,"Observe only from a correctly restrained passenger seat. The driver never reads, answers or operates these cards while driving.",只能從正確使用安全座椅或安全帶的乘客座位觀察。行車期間，駕駛絕不閱讀、回答或操作卡片。,nhtsa-car-seats
road-trip,Road trip,公路旅行,target-05,one safe rest-stop detail,一個安全休息站裡的細節,watch,Watch or point,看一看／指出來,"From your current spot, notice one safe rest-stop detail. Point only when the setting permits and your supervising adult has said it is safe; never ask a driver to look.",從目前位置觀察「一個安全休息站裡的細節」。只有在情境允許且陪同大人已確認安全時，才從原地指出來；絕不要求駕駛查看。,true,false,false,true,true,"Observe only from a correctly restrained passenger seat. The driver never reads, answers or operates these cards while driving.",只能從正確使用安全座椅或安全帶的乘客座位觀察。行車期間，駕駛絕不閱讀、回答或操作卡片。,nhtsa-car-seats
road-trip,Road trip,公路旅行,target-05,one safe rest-stop detail,一個安全休息站裡的細節,describe,Notice or describe,觀察／描述,"Notice one safe rest-stop detail. Think of one colour, shape, sound or detail. Share only with a non-driving companion when the setting permits.",觀察「一個安全休息站裡的細節」，想一個顏色、形狀、聲音或細節；只有在情境允許且有非駕駛同行者時才分享。,true,false,false,true,true,"Observe only from a correctly restrained passenger seat. The driver never reads, answers or operates these cards while driving.",只能從正確使用安全座椅或安全帶的乘客座位觀察。行車期間，駕駛絕不閱讀、回答或操作卡片。,nhtsa-car-seats
road-trip,Road trip,公路旅行,target-05,one safe rest-stop detail,一個安全休息站裡的細節,create,Plan or create,規劃／創作,"Use one safe rest-stop detail as a prompt. Invent one kind question, route idea or tiny story alone or with a non-driving companion when permitted.",以「一個安全休息站裡的細節」為提示，自己想一個友善問題、小路線或迷你故事；情境允許時也可和非駕駛同行者一起想。,true,false,false,true,true,"Observe only from a correctly restrained passenger seat. The driver never reads, answers or operates these cards while driving.",只能從正確使用安全座椅或安全帶的乘客座位觀察。行車期間，駕駛絕不閱讀、回答或操作卡片。,nhtsa-car-seats
road-trip,Road trip,公路旅行,target-06,one cloud or weather clue,一個雲朵或天氣線索,watch,Watch or point,看一看／指出來,"From your current spot, notice one cloud or weather clue. Point only when the setting permits and your supervising adult has said it is safe; never ask a driver to look.",從目前位置觀察「一個雲朵或天氣線索」。只有在情境允許且陪同大人已確認安全時，才從原地指出來；絕不要求駕駛查看。,true,false,false,true,true,"Observe only from a correctly restrained passenger seat. The driver never reads, answers or operates these cards while driving.",只能從正確使用安全座椅或安全帶的乘客座位觀察。行車期間，駕駛絕不閱讀、回答或操作卡片。,nhtsa-car-seats
road-trip,Road trip,公路旅行,target-06,one cloud or weather clue,一個雲朵或天氣線索,describe,Notice or describe,觀察／描述,"Notice one cloud or weather clue. Think of one colour, shape, sound or detail. Share only with a non-driving companion when the setting permits.",觀察「一個雲朵或天氣線索」，想一個顏色、形狀、聲音或細節；只有在情境允許且有非駕駛同行者時才分享。,true,false,false,true,true,"Observe only from a correctly restrained passenger seat. The driver never reads, answers or operates these cards while driving.",只能從正確使用安全座椅或安全帶的乘客座位觀察。行車期間，駕駛絕不閱讀、回答或操作卡片。,nhtsa-car-seats
road-trip,Road trip,公路旅行,target-06,one cloud or weather clue,一個雲朵或天氣線索,create,Plan or create,規劃／創作,"Use one cloud or weather clue as a prompt. Invent one kind question, route idea or tiny story alone or with a non-driving companion when permitted.",以「一個雲朵或天氣線索」為提示，自己想一個友善問題、小路線或迷你故事；情境允許時也可和非駕駛同行者一起想。,true,false,false,true,true,"Observe only from a correctly restrained passenger seat. The driver never reads, answers or operates these cards while driving.",只能從正確使用安全座椅或安全帶的乘客座位觀察。行車期間，駕駛絕不閱讀、回答或操作卡片。,nhtsa-car-seats
road-trip,Road trip,公路旅行,target-07,one landmark the adult points out,一個由大人指出的地標,watch,Watch or point,看一看／指出來,"From your current spot, notice one landmark the adult points out. Point only when the setting permits and your supervising adult has said it is safe; never ask a driver to look.",從目前位置觀察「一個由大人指出的地標」。只有在情境允許且陪同大人已確認安全時，才從原地指出來；絕不要求駕駛查看。,true,false,false,true,true,"Observe only from a correctly restrained passenger seat. The driver never reads, answers or operates these cards while driving.",只能從正確使用安全座椅或安全帶的乘客座位觀察。行車期間，駕駛絕不閱讀、回答或操作卡片。,nhtsa-car-seats
road-trip,Road trip,公路旅行,target-07,one landmark the adult points out,一個由大人指出的地標,describe,Notice or describe,觀察／描述,"Notice one landmark the adult points out. Think of one colour, shape, sound or detail. Share only with a non-driving companion when the setting permits.",觀察「一個由大人指出的地標」，想一個顏色、形狀、聲音或細節；只有在情境允許且有非駕駛同行者時才分享。,true,false,false,true,true,"Observe only from a correctly restrained passenger seat. The driver never reads, answers or operates these cards while driving.",只能從正確使用安全座椅或安全帶的乘客座位觀察。行車期間，駕駛絕不閱讀、回答或操作卡片。,nhtsa-car-seats
road-trip,Road trip,公路旅行,target-07,one landmark the adult points out,一個由大人指出的地標,create,Plan or create,規劃／創作,"Use one landmark the adult points out as a prompt. Invent one kind question, route idea or tiny story alone or with a non-driving companion when permitted.",以「一個由大人指出的地標」為提示，自己想一個友善問題、小路線或迷你故事；情境允許時也可和非駕駛同行者一起想。,true,false,false,true,true,"Observe only from a correctly restrained passenger seat. The driver never reads, answers or operates these cards while driving.",只能從正確使用安全座椅或安全帶的乘客座位觀察。行車期間，駕駛絕不閱讀、回答或操作卡片。,nhtsa-car-seats
train-ferry,Train or ferry,火車或渡輪,target-01,one arrival or departure sign,一個抵達或出發標誌,watch,Watch or point,看一看／指出來,"From your current spot, notice one arrival or departure sign. Point only when the setting permits and your supervising adult has said it is safe; never ask a driver to look.",從目前位置觀察「一個抵達或出發標誌」。只有在情境允許且陪同大人已確認安全時，才從原地指出來；絕不要求駕駛查看。,true,false,false,true,true,"Follow the operator and supervising adult. Stay behind marked lines, use seats or handholds as directed, and never approach an edge for a card.",遵守運輸業者與陪同大人的指示，留在標線內，依指示使用座位或扶手；絕不為了卡片靠近月台或船邊。,
train-ferry,Train or ferry,火車或渡輪,target-01,one arrival or departure sign,一個抵達或出發標誌,describe,Notice or describe,觀察／描述,"Notice one arrival or departure sign. Think of one colour, shape, sound or detail. Share only with a non-driving companion when the setting permits.",觀察「一個抵達或出發標誌」，想一個顏色、形狀、聲音或細節；只有在情境允許且有非駕駛同行者時才分享。,true,false,false,true,true,"Follow the operator and supervising adult. Stay behind marked lines, use seats or handholds as directed, and never approach an edge for a card.",遵守運輸業者與陪同大人的指示，留在標線內，依指示使用座位或扶手；絕不為了卡片靠近月台或船邊。,
train-ferry,Train or ferry,火車或渡輪,target-01,one arrival or departure sign,一個抵達或出發標誌,create,Plan or create,規劃／創作,"Use one arrival or departure sign as a prompt. Invent one kind question, route idea or tiny story alone or with a non-driving companion when permitted.",以「一個抵達或出發標誌」為提示，自己想一個友善問題、小路線或迷你故事；情境允許時也可和非駕駛同行者一起想。,true,false,false,true,true,"Follow the operator and supervising adult. Stay behind marked lines, use seats or handholds as directed, and never approach an edge for a card.",遵守運輸業者與陪同大人的指示，留在標線內，依指示使用座位或扶手；絕不為了卡片靠近月台或船邊。,
train-ferry,Train or ferry,火車或渡輪,target-02,one repeated seat or railing pattern,一種重複出現的座椅或欄杆圖案,watch,Watch or point,看一看／指出來,"From your current spot, notice one repeated seat or railing pattern. Point only when the setting permits and your supervising adult has said it is safe; never ask a driver to look.",從目前位置觀察「一種重複出現的座椅或欄杆圖案」。只有在情境允許且陪同大人已確認安全時，才從原地指出來；絕不要求駕駛查看。,true,false,false,true,true,"Follow the operator and supervising adult. Stay behind marked lines, use seats or handholds as directed, and never approach an edge for a card.",遵守運輸業者與陪同大人的指示，留在標線內，依指示使用座位或扶手；絕不為了卡片靠近月台或船邊。,
train-ferry,Train or ferry,火車或渡輪,target-02,one repeated seat or railing pattern,一種重複出現的座椅或欄杆圖案,describe,Notice or describe,觀察／描述,"Notice one repeated seat or railing pattern. Think of one colour, shape, sound or detail. Share only with a non-driving companion when the setting permits.",觀察「一種重複出現的座椅或欄杆圖案」，想一個顏色、形狀、聲音或細節；只有在情境允許且有非駕駛同行者時才分享。,true,false,false,true,true,"Follow the operator and supervising adult. Stay behind marked lines, use seats or handholds as directed, and never approach an edge for a card.",遵守運輸業者與陪同大人的指示，留在標線內，依指示使用座位或扶手；絕不為了卡片靠近月台或船邊。,
train-ferry,Train or ferry,火車或渡輪,target-02,one repeated seat or railing pattern,一種重複出現的座椅或欄杆圖案,create,Plan or create,規劃／創作,"Use one repeated seat or railing pattern as a prompt. Invent one kind question, route idea or tiny story alone or with a non-driving companion when permitted.",以「一種重複出現的座椅或欄杆圖案」為提示，自己想一個友善問題、小路線或迷你故事；情境允許時也可和非駕駛同行者一起想。,true,false,false,true,true,"Follow the operator and supervising adult. Stay behind marked lines, use seats or handholds as directed, and never approach an edge for a card.",遵守運輸業者與陪同大人的指示，留在標線內，依指示使用座位或扶手；絕不為了卡片靠近月台或船邊。,
train-ferry,Train or ferry,火車或渡輪,target-03,one sound that signals movement,一個表示移動開始的聲音,watch,Watch or point,看一看／指出來,"From your current spot, notice one sound that signals movement. Point only when the setting permits and your supervising adult has said it is safe; never ask a driver to look.",從目前位置觀察「一個表示移動開始的聲音」。只有在情境允許且陪同大人已確認安全時，才從原地指出來；絕不要求駕駛查看。,true,false,false,true,true,"Follow the operator and supervising adult. Stay behind marked lines, use seats or handholds as directed, and never approach an edge for a card.",遵守運輸業者與陪同大人的指示，留在標線內，依指示使用座位或扶手；絕不為了卡片靠近月台或船邊。,
train-ferry,Train or ferry,火車或渡輪,target-03,one sound that signals movement,一個表示移動開始的聲音,describe,Notice or describe,觀察／描述,"Notice one sound that signals movement. Think of one colour, shape, sound or detail. Share only with a non-driving companion when the setting permits.",觀察「一個表示移動開始的聲音」，想一個顏色、形狀、聲音或細節；只有在情境允許且有非駕駛同行者時才分享。,true,false,false,true,true,"Follow the operator and supervising adult. Stay behind marked lines, use seats or handholds as directed, and never approach an edge for a card.",遵守運輸業者與陪同大人的指示，留在標線內，依指示使用座位或扶手；絕不為了卡片靠近月台或船邊。,
train-ferry,Train or ferry,火車或渡輪,target-03,one sound that signals movement,一個表示移動開始的聲音,create,Plan or create,規劃／創作,"Use one sound that signals movement as a prompt. Invent one kind question, route idea or tiny story alone or with a non-driving companion when permitted.",以「一個表示移動開始的聲音」為提示，自己想一個友善問題、小路線或迷你故事；情境允許時也可和非駕駛同行者一起想。,true,false,false,true,true,"Follow the operator and supervising adult. Stay behind marked lines, use seats or handholds as directed, and never approach an edge for a card.",遵守運輸業者與陪同大人的指示，留在標線內，依指示使用座位或扶手；絕不為了卡片靠近月台或船邊。,
train-ferry,Train or ferry,火車或渡輪,target-04,one object used by staff,一件工作人員使用的物品,watch,Watch or point,看一看／指出來,"From your current spot, notice one object used by staff. Point only when the setting permits and your supervising adult has said it is safe; never ask a driver to look.",從目前位置觀察「一件工作人員使用的物品」。只有在情境允許且陪同大人已確認安全時，才從原地指出來；絕不要求駕駛查看。,true,false,false,true,true,"Follow the operator and supervising adult. Stay behind marked lines, use seats or handholds as directed, and never approach an edge for a card.",遵守運輸業者與陪同大人的指示，留在標線內，依指示使用座位或扶手；絕不為了卡片靠近月台或船邊。,
train-ferry,Train or ferry,火車或渡輪,target-04,one object used by staff,一件工作人員使用的物品,describe,Notice or describe,觀察／描述,"Notice one object used by staff. Think of one colour, shape, sound or detail. Share only with a non-driving companion when the setting permits.",觀察「一件工作人員使用的物品」，想一個顏色、形狀、聲音或細節；只有在情境允許且有非駕駛同行者時才分享。,true,false,false,true,true,"Follow the operator and supervising adult. Stay behind marked lines, use seats or handholds as directed, and never approach an edge for a card.",遵守運輸業者與陪同大人的指示，留在標線內，依指示使用座位或扶手；絕不為了卡片靠近月台或船邊。,
train-ferry,Train or ferry,火車或渡輪,target-04,one object used by staff,一件工作人員使用的物品,create,Plan or create,規劃／創作,"Use one object used by staff as a prompt. Invent one kind question, route idea or tiny story alone or with a non-driving companion when permitted.",以「一件工作人員使用的物品」為提示，自己想一個友善問題、小路線或迷你故事；情境允許時也可和非駕駛同行者一起想。,true,false,false,true,true,"Follow the operator and supervising adult. Stay behind marked lines, use seats or handholds as directed, and never approach an edge for a card.",遵守運輸業者與陪同大人的指示，留在標線內，依指示使用座位或扶手；絕不為了卡片靠近月台或船邊。,
train-ferry,Train or ferry,火車或渡輪,target-05,one view that changes as you travel,一個旅途中逐漸改變的景色,watch,Watch or point,看一看／指出來,"From your current spot, notice one view that changes as you travel. Point only when the setting permits and your supervising adult has said it is safe; never ask a driver to look.",從目前位置觀察「一個旅途中逐漸改變的景色」。只有在情境允許且陪同大人已確認安全時，才從原地指出來；絕不要求駕駛查看。,true,false,false,true,true,"Follow the operator and supervising adult. Stay behind marked lines, use seats or handholds as directed, and never approach an edge for a card.",遵守運輸業者與陪同大人的指示，留在標線內，依指示使用座位或扶手；絕不為了卡片靠近月台或船邊。,
train-ferry,Train or ferry,火車或渡輪,target-05,one view that changes as you travel,一個旅途中逐漸改變的景色,describe,Notice or describe,觀察／描述,"Notice one view that changes as you travel. Think of one colour, shape, sound or detail. Share only with a non-driving companion when the setting permits.",觀察「一個旅途中逐漸改變的景色」，想一個顏色、形狀、聲音或細節；只有在情境允許且有非駕駛同行者時才分享。,true,false,false,true,true,"Follow the operator and supervising adult. Stay behind marked lines, use seats or handholds as directed, and never approach an edge for a card.",遵守運輸業者與陪同大人的指示，留在標線內，依指示使用座位或扶手；絕不為了卡片靠近月台或船邊。,
train-ferry,Train or ferry,火車或渡輪,target-05,one view that changes as you travel,一個旅途中逐漸改變的景色,create,Plan or create,規劃／創作,"Use one view that changes as you travel as a prompt. Invent one kind question, route idea or tiny story alone or with a non-driving companion when permitted.",以「一個旅途中逐漸改變的景色」為提示，自己想一個友善問題、小路線或迷你故事；情境允許時也可和非駕駛同行者一起想。,true,false,false,true,true,"Follow the operator and supervising adult. Stay behind marked lines, use seats or handholds as directed, and never approach an edge for a card.",遵守運輸業者與陪同大人的指示，留在標線內，依指示使用座位或扶手；絕不為了卡片靠近月台或船邊。,
train-ferry,Train or ferry,火車或渡輪,target-06,one safe handhold pointed out by the adult,一個由大人指出的安全扶手,watch,Watch or point,看一看／指出來,"From your current spot, notice one safe handhold pointed out by the adult. Point only when the setting permits and your supervising adult has said it is safe; never ask a driver to look.",從目前位置觀察「一個由大人指出的安全扶手」。只有在情境允許且陪同大人已確認安全時，才從原地指出來；絕不要求駕駛查看。,true,false,false,true,true,"Follow the operator and supervising adult. Stay behind marked lines, use seats or handholds as directed, and never approach an edge for a card.",遵守運輸業者與陪同大人的指示，留在標線內，依指示使用座位或扶手；絕不為了卡片靠近月台或船邊。,
train-ferry,Train or ferry,火車或渡輪,target-06,one safe handhold pointed out by the adult,一個由大人指出的安全扶手,describe,Notice or describe,觀察／描述,"Notice one safe handhold pointed out by the adult. Think of one colour, shape, sound or detail. Share only with a non-driving companion when the setting permits.",觀察「一個由大人指出的安全扶手」，想一個顏色、形狀、聲音或細節；只有在情境允許且有非駕駛同行者時才分享。,true,false,false,true,true,"Follow the operator and supervising adult. Stay behind marked lines, use seats or handholds as directed, and never approach an edge for a card.",遵守運輸業者與陪同大人的指示，留在標線內，依指示使用座位或扶手；絕不為了卡片靠近月台或船邊。,
train-ferry,Train or ferry,火車或渡輪,target-06,one safe handhold pointed out by the adult,一個由大人指出的安全扶手,create,Plan or create,規劃／創作,"Use one safe handhold pointed out by the adult as a prompt. Invent one kind question, route idea or tiny story alone or with a non-driving companion when permitted.",以「一個由大人指出的安全扶手」為提示，自己想一個友善問題、小路線或迷你故事；情境允許時也可和非駕駛同行者一起想。,true,false,false,true,true,"Follow the operator and supervising adult. Stay behind marked lines, use seats or handholds as directed, and never approach an edge for a card.",遵守運輸業者與陪同大人的指示，留在標線內，依指示使用座位或扶手；絕不為了卡片靠近月台或船邊。,
train-ferry,Train or ferry,火車或渡輪,target-07,one way passengers make space for each other,一種乘客彼此留出空間的方法,watch,Watch or point,看一看／指出來,"From your current spot, notice one way passengers make space for each other. Point only when the setting permits and your supervising adult has said it is safe; never ask a driver to look.",從目前位置觀察「一種乘客彼此留出空間的方法」。只有在情境允許且陪同大人已確認安全時，才從原地指出來；絕不要求駕駛查看。,true,false,false,true,true,"Follow the operator and supervising adult. Stay behind marked lines, use seats or handholds as directed, and never approach an edge for a card.",遵守運輸業者與陪同大人的指示，留在標線內，依指示使用座位或扶手；絕不為了卡片靠近月台或船邊。,
train-ferry,Train or ferry,火車或渡輪,target-07,one way passengers make space for each other,一種乘客彼此留出空間的方法,describe,Notice or describe,觀察／描述,"Notice one way passengers make space for each other. Think of one colour, shape, sound or detail. Share only with a non-driving companion when the setting permits.",觀察「一種乘客彼此留出空間的方法」，想一個顏色、形狀、聲音或細節；只有在情境允許且有非駕駛同行者時才分享。,true,false,false,true,true,"Follow the operator and supervising adult. Stay behind marked lines, use seats or handholds as directed, and never approach an edge for a card.",遵守運輸業者與陪同大人的指示，留在標線內，依指示使用座位或扶手；絕不為了卡片靠近月台或船邊。,
train-ferry,Train or ferry,火車或渡輪,target-07,one way passengers make space for each other,一種乘客彼此留出空間的方法,create,Plan or create,規劃／創作,"Use one way passengers make space for each other as a prompt. Invent one kind question, route idea or tiny story alone or with a non-driving companion when permitted.",以「一種乘客彼此留出空間的方法」為提示，自己想一個友善問題、小路線或迷你故事；情境允許時也可和非駕駛同行者一起想。,true,false,false,true,true,"Follow the operator and supervising adult. Stay behind marked lines, use seats or handholds as directed, and never approach an edge for a card.",遵守運輸業者與陪同大人的指示，留在標線內，依指示使用座位或扶手；絕不為了卡片靠近月台或船邊。,
city-walk,City walk,城市散步,target-01,one old building detail,一個老建築的細節,watch,Watch or point,看一看／指出來,"From your current spot, notice one old building detail. Point only when the setting permits and your supervising adult has said it is safe; never ask a driver to look.",從目前位置觀察「一個老建築的細節」。只有在情境允許且陪同大人已確認安全時，才從原地指出來；絕不要求駕駛查看。,true,false,false,true,true,"Use a card only after the adult chooses a safe place to stop. The adult handles navigation, crossings, traffic and decisions about where to walk.",只有在大人選定安全停留處後才使用卡片。導航、過馬路、車流與行走路線，全部由大人判斷。,
city-walk,City walk,城市散步,target-01,one old building detail,一個老建築的細節,describe,Notice or describe,觀察／描述,"Notice one old building detail. Think of one colour, shape, sound or detail. Share only with a non-driving companion when the setting permits.",觀察「一個老建築的細節」，想一個顏色、形狀、聲音或細節；只有在情境允許且有非駕駛同行者時才分享。,true,false,false,true,true,"Use a card only after the adult chooses a safe place to stop. The adult handles navigation, crossings, traffic and decisions about where to walk.",只有在大人選定安全停留處後才使用卡片。導航、過馬路、車流與行走路線，全部由大人判斷。,
city-walk,City walk,城市散步,target-01,one old building detail,一個老建築的細節,create,Plan or create,規劃／創作,"Use one old building detail as a prompt. Invent one kind question, route idea or tiny story alone or with a non-driving companion when permitted.",以「一個老建築的細節」為提示，自己想一個友善問題、小路線或迷你故事；情境允許時也可和非駕駛同行者一起想。,true,false,false,true,true,"Use a card only after the adult chooses a safe place to stop. The adult handles navigation, crossings, traffic and decisions about where to walk.",只有在大人選定安全停留處後才使用卡片。導航、過馬路、車流與行走路線，全部由大人判斷。,
city-walk,City walk,城市散步,target-02,one new building detail,一個新建築的細節,watch,Watch or point,看一看／指出來,"From your current spot, notice one new building detail. Point only when the setting permits and your supervising adult has said it is safe; never ask a driver to look.",從目前位置觀察「一個新建築的細節」。只有在情境允許且陪同大人已確認安全時，才從原地指出來；絕不要求駕駛查看。,true,false,false,true,true,"Use a card only after the adult chooses a safe place to stop. The adult handles navigation, crossings, traffic and decisions about where to walk.",只有在大人選定安全停留處後才使用卡片。導航、過馬路、車流與行走路線，全部由大人判斷。,
city-walk,City walk,城市散步,target-02,one new building detail,一個新建築的細節,describe,Notice or describe,觀察／描述,"Notice one new building detail. Think of one colour, shape, sound or detail. Share only with a non-driving companion when the setting permits.",觀察「一個新建築的細節」，想一個顏色、形狀、聲音或細節；只有在情境允許且有非駕駛同行者時才分享。,true,false,false,true,true,"Use a card only after the adult chooses a safe place to stop. The adult handles navigation, crossings, traffic and decisions about where to walk.",只有在大人選定安全停留處後才使用卡片。導航、過馬路、車流與行走路線，全部由大人判斷。,
city-walk,City walk,城市散步,target-02,one new building detail,一個新建築的細節,create,Plan or create,規劃／創作,"Use one new building detail as a prompt. Invent one kind question, route idea or tiny story alone or with a non-driving companion when permitted.",以「一個新建築的細節」為提示，自己想一個友善問題、小路線或迷你故事；情境允許時也可和非駕駛同行者一起想。,true,false,false,true,true,"Use a card only after the adult chooses a safe place to stop. The adult handles navigation, crossings, traffic and decisions about where to walk.",只有在大人選定安全停留處後才使用卡片。導航、過馬路、車流與行走路線，全部由大人判斷。,
city-walk,City walk,城市散步,target-03,one symbol used for crossing or directions,一個用於過馬路或指路的符號,watch,Watch or point,看一看／指出來,"From your current spot, notice one symbol used for crossing or directions. Point only when the setting permits and your supervising adult has said it is safe; never ask a driver to look.",從目前位置觀察「一個用於過馬路或指路的符號」。只有在情境允許且陪同大人已確認安全時，才從原地指出來；絕不要求駕駛查看。,true,false,false,true,true,"Use a card only after the adult chooses a safe place to stop. The adult handles navigation, crossings, traffic and decisions about where to walk.",只有在大人選定安全停留處後才使用卡片。導航、過馬路、車流與行走路線，全部由大人判斷。,
city-walk,City walk,城市散步,target-03,one symbol used for crossing or directions,一個用於過馬路或指路的符號,describe,Notice or describe,觀察／描述,"Notice one symbol used for crossing or directions. Think of one colour, shape, sound or detail. Share only with a non-driving companion when the setting permits.",觀察「一個用於過馬路或指路的符號」，想一個顏色、形狀、聲音或細節；只有在情境允許且有非駕駛同行者時才分享。,true,false,false,true,true,"Use a card only after the adult chooses a safe place to stop. The adult handles navigation, crossings, traffic and decisions about where to walk.",只有在大人選定安全停留處後才使用卡片。導航、過馬路、車流與行走路線，全部由大人判斷。,
city-walk,City walk,城市散步,target-03,one symbol used for crossing or directions,一個用於過馬路或指路的符號,create,Plan or create,規劃／創作,"Use one symbol used for crossing or directions as a prompt. Invent one kind question, route idea or tiny story alone or with a non-driving companion when permitted.",以「一個用於過馬路或指路的符號」為提示，自己想一個友善問題、小路線或迷你故事；情境允許時也可和非駕駛同行者一起想。,true,false,false,true,true,"Use a card only after the adult chooses a safe place to stop. The adult handles navigation, crossings, traffic and decisions about where to walk.",只有在大人選定安全停留處後才使用卡片。導航、過馬路、車流與行走路線，全部由大人判斷。,
city-walk,City walk,城市散步,target-04,three colours on one block,同一街區裡的三種顏色,watch,Watch or point,看一看／指出來,"From your current spot, notice three colours on one block. Point only when the setting permits and your supervising adult has said it is safe; never ask a driver to look.",從目前位置觀察「同一街區裡的三種顏色」。只有在情境允許且陪同大人已確認安全時，才從原地指出來；絕不要求駕駛查看。,true,false,false,true,true,"Use a card only after the adult chooses a safe place to stop. The adult handles navigation, crossings, traffic and decisions about where to walk.",只有在大人選定安全停留處後才使用卡片。導航、過馬路、車流與行走路線，全部由大人判斷。,
city-walk,City walk,城市散步,target-04,three colours on one block,同一街區裡的三種顏色,describe,Notice or describe,觀察／描述,"Notice three colours on one block. Think of one colour, shape, sound or detail. Share only with a non-driving companion when the setting permits.",觀察「同一街區裡的三種顏色」，想一個顏色、形狀、聲音或細節；只有在情境允許且有非駕駛同行者時才分享。,true,false,false,true,true,"Use a card only after the adult chooses a safe place to stop. The adult handles navigation, crossings, traffic and decisions about where to walk.",只有在大人選定安全停留處後才使用卡片。導航、過馬路、車流與行走路線，全部由大人判斷。,
city-walk,City walk,城市散步,target-04,three colours on one block,同一街區裡的三種顏色,create,Plan or create,規劃／創作,"Use three colours on one block as a prompt. Invent one kind question, route idea or tiny story alone or with a non-driving companion when permitted.",以「同一街區裡的三種顏色」為提示，自己想一個友善問題、小路線或迷你故事；情境允許時也可和非駕駛同行者一起想。,true,false,false,true,true,"Use a card only after the adult chooses a safe place to stop. The adult handles navigation, crossings, traffic and decisions about where to walk.",只有在大人選定安全停留處後才使用卡片。導航、過馬路、車流與行走路線，全部由大人判斷。,
city-walk,City walk,城市散步,target-05,"one tree, planter or public garden",一棵樹、一個花台或一座公共花園,watch,Watch or point,看一看／指出來,"From your current spot, notice one tree, planter or public garden. Point only when the setting permits and your supervising adult has said it is safe; never ask a driver to look.",從目前位置觀察「一棵樹、一個花台或一座公共花園」。只有在情境允許且陪同大人已確認安全時，才從原地指出來；絕不要求駕駛查看。,true,false,false,true,true,"Use a card only after the adult chooses a safe place to stop. The adult handles navigation, crossings, traffic and decisions about where to walk.",只有在大人選定安全停留處後才使用卡片。導航、過馬路、車流與行走路線，全部由大人判斷。,
city-walk,City walk,城市散步,target-05,"one tree, planter or public garden",一棵樹、一個花台或一座公共花園,describe,Notice or describe,觀察／描述,"Notice one tree, planter or public garden. Think of one colour, shape, sound or detail. Share only with a non-driving companion when the setting permits.",觀察「一棵樹、一個花台或一座公共花園」，想一個顏色、形狀、聲音或細節；只有在情境允許且有非駕駛同行者時才分享。,true,false,false,true,true,"Use a card only after the adult chooses a safe place to stop. The adult handles navigation, crossings, traffic and decisions about where to walk.",只有在大人選定安全停留處後才使用卡片。導航、過馬路、車流與行走路線，全部由大人判斷。,
city-walk,City walk,城市散步,target-05,"one tree, planter or public garden",一棵樹、一個花台或一座公共花園,create,Plan or create,規劃／創作,"Use one tree, planter or public garden as a prompt. Invent one kind question, route idea or tiny story alone or with a non-driving companion when permitted.",以「一棵樹、一個花台或一座公共花園」為提示，自己想一個友善問題、小路線或迷你故事；情境允許時也可和非駕駛同行者一起想。,true,false,false,true,true,"Use a card only after the adult chooses a safe place to stop. The adult handles navigation, crossings, traffic and decisions about where to walk.",只有在大人選定安全停留處後才使用卡片。導航、過馬路、車流與行走路線，全部由大人判斷。,
city-walk,City walk,城市散步,target-06,one detail above eye level,一個高於視線的細節,watch,Watch or point,看一看／指出來,"From your current spot, notice one detail above eye level. Point only when the setting permits and your supervising adult has said it is safe; never ask a driver to look.",從目前位置觀察「一個高於視線的細節」。只有在情境允許且陪同大人已確認安全時，才從原地指出來；絕不要求駕駛查看。,true,false,false,true,true,"Use a card only after the adult chooses a safe place to stop. The adult handles navigation, crossings, traffic and decisions about where to walk.",只有在大人選定安全停留處後才使用卡片。導航、過馬路、車流與行走路線，全部由大人判斷。,
city-walk,City walk,城市散步,target-06,one detail above eye level,一個高於視線的細節,describe,Notice or describe,觀察／描述,"Notice one detail above eye level. Think of one colour, shape, sound or detail. Share only with a non-driving companion when the setting permits.",觀察「一個高於視線的細節」，想一個顏色、形狀、聲音或細節；只有在情境允許且有非駕駛同行者時才分享。,true,false,false,true,true,"Use a card only after the adult chooses a safe place to stop. The adult handles navigation, crossings, traffic and decisions about where to walk.",只有在大人選定安全停留處後才使用卡片。導航、過馬路、車流與行走路線，全部由大人判斷。,
city-walk,City walk,城市散步,target-06,one detail above eye level,一個高於視線的細節,create,Plan or create,規劃／創作,"Use one detail above eye level as a prompt. Invent one kind question, route idea or tiny story alone or with a non-driving companion when permitted.",以「一個高於視線的細節」為提示，自己想一個友善問題、小路線或迷你故事；情境允許時也可和非駕駛同行者一起想。,true,false,false,true,true,"Use a card only after the adult chooses a safe place to stop. The adult handles navigation, crossings, traffic and decisions about where to walk.",只有在大人選定安全停留處後才使用卡片。導航、過馬路、車流與行走路線，全部由大人判斷。,
city-walk,City walk,城市散步,target-07,one place where people pause,一個人們會停下來的地方,watch,Watch or point,看一看／指出來,"From your current spot, notice one place where people pause. Point only when the setting permits and your supervising adult has said it is safe; never ask a driver to look.",從目前位置觀察「一個人們會停下來的地方」。只有在情境允許且陪同大人已確認安全時，才從原地指出來；絕不要求駕駛查看。,true,false,false,true,true,"Use a card only after the adult chooses a safe place to stop. The adult handles navigation, crossings, traffic and decisions about where to walk.",只有在大人選定安全停留處後才使用卡片。導航、過馬路、車流與行走路線，全部由大人判斷。,
city-walk,City walk,城市散步,target-07,one place where people pause,一個人們會停下來的地方,describe,Notice or describe,觀察／描述,"Notice one place where people pause. Think of one colour, shape, sound or detail. Share only with a non-driving companion when the setting permits.",觀察「一個人們會停下來的地方」，想一個顏色、形狀、聲音或細節；只有在情境允許且有非駕駛同行者時才分享。,true,false,false,true,true,"Use a card only after the adult chooses a safe place to stop. The adult handles navigation, crossings, traffic and decisions about where to walk.",只有在大人選定安全停留處後才使用卡片。導航、過馬路、車流與行走路線，全部由大人判斷。,
city-walk,City walk,城市散步,target-07,one place where people pause,一個人們會停下來的地方,create,Plan or create,規劃／創作,"Use one place where people pause as a prompt. Invent one kind question, route idea or tiny story alone or with a non-driving companion when permitted.",以「一個人們會停下來的地方」為提示，自己想一個友善問題、小路線或迷你故事；情境允許時也可和非駕駛同行者一起想。,true,false,false,true,true,"Use a card only after the adult chooses a safe place to stop. The adult handles navigation, crossings, traffic and decisions about where to walk.",只有在大人選定安全停留處後才使用卡片。導航、過馬路、車流與行走路線，全部由大人判斷。,
museum,Museum,博物館,target-01,one object with an unexpected texture,一件材質觸感看起來很特別的物品,watch,Watch or point,看一看／指出來,"From your current spot, notice one object with an unexpected texture. Point only when the setting permits and your supervising adult has said it is safe; never ask a driver to look.",從目前位置觀察「一件材質觸感看起來很特別的物品」。只有在情境允許且陪同大人已確認安全時，才從原地指出來；絕不要求駕駛查看。,true,false,false,true,true,"Follow the venue's current rules. Do not touch or photograph anything unless it is clearly permitted, and choose watching or stopping at any time.",遵守場館當下規則。除非明確允許，否則不觸摸、不拍照；任何時候都可選擇只看或停止。,
museum,Museum,博物館,target-01,one object with an unexpected texture,一件材質觸感看起來很特別的物品,describe,Notice or describe,觀察／描述,"Notice one object with an unexpected texture. Think of one colour, shape, sound or detail. Share only with a non-driving companion when the setting permits.",觀察「一件材質觸感看起來很特別的物品」，想一個顏色、形狀、聲音或細節；只有在情境允許且有非駕駛同行者時才分享。,true,false,false,true,true,"Follow the venue's current rules. Do not touch or photograph anything unless it is clearly permitted, and choose watching or stopping at any time.",遵守場館當下規則。除非明確允許，否則不觸摸、不拍照；任何時候都可選擇只看或停止。,
museum,Museum,博物館,target-01,one object with an unexpected texture,一件材質觸感看起來很特別的物品,create,Plan or create,規劃／創作,"Use one object with an unexpected texture as a prompt. Invent one kind question, route idea or tiny story alone or with a non-driving companion when permitted.",以「一件材質觸感看起來很特別的物品」為提示，自己想一個友善問題、小路線或迷你故事；情境允許時也可和非駕駛同行者一起想。,true,false,false,true,true,"Follow the venue's current rules. Do not touch or photograph anything unless it is clearly permitted, and choose watching or stopping at any time.",遵守場館當下規則。除非明確允許，否則不觸摸、不拍照；任何時候都可選擇只看或停止。,
museum,Museum,博物館,target-02,one object from another time or place,一件來自不同年代或地方的物品,watch,Watch or point,看一看／指出來,"From your current spot, notice one object from another time or place. Point only when the setting permits and your supervising adult has said it is safe; never ask a driver to look.",從目前位置觀察「一件來自不同年代或地方的物品」。只有在情境允許且陪同大人已確認安全時，才從原地指出來；絕不要求駕駛查看。,true,false,false,true,true,"Follow the venue's current rules. Do not touch or photograph anything unless it is clearly permitted, and choose watching or stopping at any time.",遵守場館當下規則。除非明確允許，否則不觸摸、不拍照；任何時候都可選擇只看或停止。,
museum,Museum,博物館,target-02,one object from another time or place,一件來自不同年代或地方的物品,describe,Notice or describe,觀察／描述,"Notice one object from another time or place. Think of one colour, shape, sound or detail. Share only with a non-driving companion when the setting permits.",觀察「一件來自不同年代或地方的物品」，想一個顏色、形狀、聲音或細節；只有在情境允許且有非駕駛同行者時才分享。,true,false,false,true,true,"Follow the venue's current rules. Do not touch or photograph anything unless it is clearly permitted, and choose watching or stopping at any time.",遵守場館當下規則。除非明確允許，否則不觸摸、不拍照；任何時候都可選擇只看或停止。,
museum,Museum,博物館,target-02,one object from another time or place,一件來自不同年代或地方的物品,create,Plan or create,規劃／創作,"Use one object from another time or place as a prompt. Invent one kind question, route idea or tiny story alone or with a non-driving companion when permitted.",以「一件來自不同年代或地方的物品」為提示，自己想一個友善問題、小路線或迷你故事；情境允許時也可和非駕駛同行者一起想。,true,false,false,true,true,"Follow the venue's current rules. Do not touch or photograph anything unless it is clearly permitted, and choose watching or stopping at any time.",遵守場館當下規則。除非明確允許，否則不觸摸、不拍照；任何時候都可選擇只看或停止。,
museum,Museum,博物館,target-03,one tiny detail in a large display,一個大型展示裡的微小細節,watch,Watch or point,看一看／指出來,"From your current spot, notice one tiny detail in a large display. Point only when the setting permits and your supervising adult has said it is safe; never ask a driver to look.",從目前位置觀察「一個大型展示裡的微小細節」。只有在情境允許且陪同大人已確認安全時，才從原地指出來；絕不要求駕駛查看。,true,false,false,true,true,"Follow the venue's current rules. Do not touch or photograph anything unless it is clearly permitted, and choose watching or stopping at any time.",遵守場館當下規則。除非明確允許，否則不觸摸、不拍照；任何時候都可選擇只看或停止。,
museum,Museum,博物館,target-03,one tiny detail in a large display,一個大型展示裡的微小細節,describe,Notice or describe,觀察／描述,"Notice one tiny detail in a large display. Think of one colour, shape, sound or detail. Share only with a non-driving companion when the setting permits.",觀察「一個大型展示裡的微小細節」，想一個顏色、形狀、聲音或細節；只有在情境允許且有非駕駛同行者時才分享。,true,false,false,true,true,"Follow the venue's current rules. Do not touch or photograph anything unless it is clearly permitted, and choose watching or stopping at any time.",遵守場館當下規則。除非明確允許，否則不觸摸、不拍照；任何時候都可選擇只看或停止。,
museum,Museum,博物館,target-03,one tiny detail in a large display,一個大型展示裡的微小細節,create,Plan or create,規劃／創作,"Use one tiny detail in a large display as a prompt. Invent one kind question, route idea or tiny story alone or with a non-driving companion when permitted.",以「一個大型展示裡的微小細節」為提示，自己想一個友善問題、小路線或迷你故事；情境允許時也可和非駕駛同行者一起想。,true,false,false,true,true,"Follow the venue's current rules. Do not touch or photograph anything unless it is clearly permitted, and choose watching or stopping at any time.",遵守場館當下規則。除非明確允許，否則不觸摸、不拍照；任何時候都可選擇只看或停止。,
museum,Museum,博物館,target-04,one shape repeated in two works,兩件作品裡重複出現的一種形狀,watch,Watch or point,看一看／指出來,"From your current spot, notice one shape repeated in two works. Point only when the setting permits and your supervising adult has said it is safe; never ask a driver to look.",從目前位置觀察「兩件作品裡重複出現的一種形狀」。只有在情境允許且陪同大人已確認安全時，才從原地指出來；絕不要求駕駛查看。,true,false,false,true,true,"Follow the venue's current rules. Do not touch or photograph anything unless it is clearly permitted, and choose watching or stopping at any time.",遵守場館當下規則。除非明確允許，否則不觸摸、不拍照；任何時候都可選擇只看或停止。,
museum,Museum,博物館,target-04,one shape repeated in two works,兩件作品裡重複出現的一種形狀,describe,Notice or describe,觀察／描述,"Notice one shape repeated in two works. Think of one colour, shape, sound or detail. Share only with a non-driving companion when the setting permits.",觀察「兩件作品裡重複出現的一種形狀」，想一個顏色、形狀、聲音或細節；只有在情境允許且有非駕駛同行者時才分享。,true,false,false,true,true,"Follow the venue's current rules. Do not touch or photograph anything unless it is clearly permitted, and choose watching or stopping at any time.",遵守場館當下規則。除非明確允許，否則不觸摸、不拍照；任何時候都可選擇只看或停止。,
museum,Museum,博物館,target-04,one shape repeated in two works,兩件作品裡重複出現的一種形狀,create,Plan or create,規劃／創作,"Use one shape repeated in two works as a prompt. Invent one kind question, route idea or tiny story alone or with a non-driving companion when permitted.",以「兩件作品裡重複出現的一種形狀」為提示，自己想一個友善問題、小路線或迷你故事；情境允許時也可和非駕駛同行者一起想。,true,false,false,true,true,"Follow the venue's current rules. Do not touch or photograph anything unless it is clearly permitted, and choose watching or stopping at any time.",遵守場館當下規則。除非明確允許，否則不觸摸、不拍照；任何時候都可選擇只看或停止。,
museum,Museum,博物館,target-05,one question the label may help answer,一個展示說明可能回答的問題,watch,Watch or point,看一看／指出來,"From your current spot, notice one question the label may help answer. Point only when the setting permits and your supervising adult has said it is safe; never ask a driver to look.",從目前位置觀察「一個展示說明可能回答的問題」。只有在情境允許且陪同大人已確認安全時，才從原地指出來；絕不要求駕駛查看。,true,false,false,true,true,"Follow the venue's current rules. Do not touch or photograph anything unless it is clearly permitted, and choose watching or stopping at any time.",遵守場館當下規則。除非明確允許，否則不觸摸、不拍照；任何時候都可選擇只看或停止。,
museum,Museum,博物館,target-05,one question the label may help answer,一個展示說明可能回答的問題,describe,Notice or describe,觀察／描述,"Notice one question the label may help answer. Think of one colour, shape, sound or detail. Share only with a non-driving companion when the setting permits.",觀察「一個展示說明可能回答的問題」，想一個顏色、形狀、聲音或細節；只有在情境允許且有非駕駛同行者時才分享。,true,false,false,true,true,"Follow the venue's current rules. Do not touch or photograph anything unless it is clearly permitted, and choose watching or stopping at any time.",遵守場館當下規則。除非明確允許，否則不觸摸、不拍照；任何時候都可選擇只看或停止。,
museum,Museum,博物館,target-05,one question the label may help answer,一個展示說明可能回答的問題,create,Plan or create,規劃／創作,"Use one question the label may help answer as a prompt. Invent one kind question, route idea or tiny story alone or with a non-driving companion when permitted.",以「一個展示說明可能回答的問題」為提示，自己想一個友善問題、小路線或迷你故事；情境允許時也可和非駕駛同行者一起想。,true,false,false,true,true,"Follow the venue's current rules. Do not touch or photograph anything unless it is clearly permitted, and choose watching or stopping at any time.",遵守場館當下規則。除非明確允許，否則不觸摸、不拍照；任何時候都可選擇只看或停止。,
museum,Museum,博物館,target-06,one object you would protect carefully,一件你會小心保護的物品,watch,Watch or point,看一看／指出來,"From your current spot, notice one object you would protect carefully. Point only when the setting permits and your supervising adult has said it is safe; never ask a driver to look.",從目前位置觀察「一件你會小心保護的物品」。只有在情境允許且陪同大人已確認安全時，才從原地指出來；絕不要求駕駛查看。,true,false,false,true,true,"Follow the venue's current rules. Do not touch or photograph anything unless it is clearly permitted, and choose watching or stopping at any time.",遵守場館當下規則。除非明確允許，否則不觸摸、不拍照；任何時候都可選擇只看或停止。,
museum,Museum,博物館,target-06,one object you would protect carefully,一件你會小心保護的物品,describe,Notice or describe,觀察／描述,"Notice one object you would protect carefully. Think of one colour, shape, sound or detail. Share only with a non-driving companion when the setting permits.",觀察「一件你會小心保護的物品」，想一個顏色、形狀、聲音或細節；只有在情境允許且有非駕駛同行者時才分享。,true,false,false,true,true,"Follow the venue's current rules. Do not touch or photograph anything unless it is clearly permitted, and choose watching or stopping at any time.",遵守場館當下規則。除非明確允許，否則不觸摸、不拍照；任何時候都可選擇只看或停止。,
museum,Museum,博物館,target-06,one object you would protect carefully,一件你會小心保護的物品,create,Plan or create,規劃／創作,"Use one object you would protect carefully as a prompt. Invent one kind question, route idea or tiny story alone or with a non-driving companion when permitted.",以「一件你會小心保護的物品」為提示，自己想一個友善問題、小路線或迷你故事；情境允許時也可和非駕駛同行者一起想。,true,false,false,true,true,"Follow the venue's current rules. Do not touch or photograph anything unless it is clearly permitted, and choose watching or stopping at any time.",遵守場館當下規則。除非明確允許，否則不觸摸、不拍照；任何時候都可選擇只看或停止。,
museum,Museum,博物館,target-07,one display you can describe without touching,一個不用觸摸就能描述的展示,watch,Watch or point,看一看／指出來,"From your current spot, notice one display you can describe without touching. Point only when the setting permits and your supervising adult has said it is safe; never ask a driver to look.",從目前位置觀察「一個不用觸摸就能描述的展示」。只有在情境允許且陪同大人已確認安全時，才從原地指出來；絕不要求駕駛查看。,true,false,false,true,true,"Follow the venue's current rules. Do not touch or photograph anything unless it is clearly permitted, and choose watching or stopping at any time.",遵守場館當下規則。除非明確允許，否則不觸摸、不拍照；任何時候都可選擇只看或停止。,
museum,Museum,博物館,target-07,one display you can describe without touching,一個不用觸摸就能描述的展示,describe,Notice or describe,觀察／描述,"Notice one display you can describe without touching. Think of one colour, shape, sound or detail. Share only with a non-driving companion when the setting permits.",觀察「一個不用觸摸就能描述的展示」，想一個顏色、形狀、聲音或細節；只有在情境允許且有非駕駛同行者時才分享。,true,false,false,true,true,"Follow the venue's current rules. Do not touch or photograph anything unless it is clearly permitted, and choose watching or stopping at any time.",遵守場館當下規則。除非明確允許，否則不觸摸、不拍照；任何時候都可選擇只看或停止。,
museum,Museum,博物館,target-07,one display you can describe without touching,一個不用觸摸就能描述的展示,create,Plan or create,規劃／創作,"Use one display you can describe without touching as a prompt. Invent one kind question, route idea or tiny story alone or with a non-driving companion when permitted.",以「一個不用觸摸就能描述的展示」為提示，自己想一個友善問題、小路線或迷你故事；情境允許時也可和非駕駛同行者一起想。,true,false,false,true,true,"Follow the venue's current rules. Do not touch or photograph anything unless it is clearly permitted, and choose watching or stopping at any time.",遵守場館當下規則。除非明確允許，否則不觸摸、不拍照；任何時候都可選擇只看或停止。,
theme-park,Theme park,主題樂園,target-01,one design detail in the waiting area,等候區裡的一個設計細節,watch,Watch or point,看一看／指出來,"From your current spot, notice one design detail in the waiting area. Point only when the setting permits and your supervising adult has said it is safe; never ask a driver to look.",從目前位置觀察「等候區裡的一個設計細節」。只有在情境允許且陪同大人已確認安全時，才從原地指出來；絕不要求駕駛查看。,true,false,false,true,true,"Use only while safely stationary and when the adult permits it. Queue, ride, height, restraint and staff instructions always take priority.",只有在安全停留且大人允許時才使用。排隊、設施、身高、安全裝置與工作人員指示永遠優先。,
theme-park,Theme park,主題樂園,target-01,one design detail in the waiting area,等候區裡的一個設計細節,describe,Notice or describe,觀察／描述,"Notice one design detail in the waiting area. Think of one colour, shape, sound or detail. Share only with a non-driving companion when the setting permits.",觀察「等候區裡的一個設計細節」，想一個顏色、形狀、聲音或細節；只有在情境允許且有非駕駛同行者時才分享。,true,false,false,true,true,"Use only while safely stationary and when the adult permits it. Queue, ride, height, restraint and staff instructions always take priority.",只有在安全停留且大人允許時才使用。排隊、設施、身高、安全裝置與工作人員指示永遠優先。,
theme-park,Theme park,主題樂園,target-01,one design detail in the waiting area,等候區裡的一個設計細節,create,Plan or create,規劃／創作,"Use one design detail in the waiting area as a prompt. Invent one kind question, route idea or tiny story alone or with a non-driving companion when permitted.",以「等候區裡的一個設計細節」為提示，自己想一個友善問題、小路線或迷你故事；情境允許時也可和非駕駛同行者一起想。,true,false,false,true,true,"Use only while safely stationary and when the adult permits it. Queue, ride, height, restraint and staff instructions always take priority.",只有在安全停留且大人允許時才使用。排隊、設施、身高、安全裝置與工作人員指示永遠優先。,
theme-park,Theme park,主題樂園,target-02,one map symbol,地圖上的一個符號,watch,Watch or point,看一看／指出來,"From your current spot, notice one map symbol. Point only when the setting permits and your supervising adult has said it is safe; never ask a driver to look.",從目前位置觀察「地圖上的一個符號」。只有在情境允許且陪同大人已確認安全時，才從原地指出來；絕不要求駕駛查看。,true,false,false,true,true,"Use only while safely stationary and when the adult permits it. Queue, ride, height, restraint and staff instructions always take priority.",只有在安全停留且大人允許時才使用。排隊、設施、身高、安全裝置與工作人員指示永遠優先。,
theme-park,Theme park,主題樂園,target-02,one map symbol,地圖上的一個符號,describe,Notice or describe,觀察／描述,"Notice one map symbol. Think of one colour, shape, sound or detail. Share only with a non-driving companion when the setting permits.",觀察「地圖上的一個符號」，想一個顏色、形狀、聲音或細節；只有在情境允許且有非駕駛同行者時才分享。,true,false,false,true,true,"Use only while safely stationary and when the adult permits it. Queue, ride, height, restraint and staff instructions always take priority.",只有在安全停留且大人允許時才使用。排隊、設施、身高、安全裝置與工作人員指示永遠優先。,
theme-park,Theme park,主題樂園,target-02,one map symbol,地圖上的一個符號,create,Plan or create,規劃／創作,"Use one map symbol as a prompt. Invent one kind question, route idea or tiny story alone or with a non-driving companion when permitted.",以「地圖上的一個符號」為提示，自己想一個友善問題、小路線或迷你故事；情境允許時也可和非駕駛同行者一起想。,true,false,false,true,true,"Use only while safely stationary and when the adult permits it. Queue, ride, height, restraint and staff instructions always take priority.",只有在安全停留且大人允許時才使用。排隊、設施、身高、安全裝置與工作人員指示永遠優先。,
theme-park,Theme park,主題樂園,target-03,one object that helps staff communicate,一件協助工作人員溝通的物品,watch,Watch or point,看一看／指出來,"From your current spot, notice one object that helps staff communicate. Point only when the setting permits and your supervising adult has said it is safe; never ask a driver to look.",從目前位置觀察「一件協助工作人員溝通的物品」。只有在情境允許且陪同大人已確認安全時，才從原地指出來；絕不要求駕駛查看。,true,false,false,true,true,"Use only while safely stationary and when the adult permits it. Queue, ride, height, restraint and staff instructions always take priority.",只有在安全停留且大人允許時才使用。排隊、設施、身高、安全裝置與工作人員指示永遠優先。,
theme-park,Theme park,主題樂園,target-03,one object that helps staff communicate,一件協助工作人員溝通的物品,describe,Notice or describe,觀察／描述,"Notice one object that helps staff communicate. Think of one colour, shape, sound or detail. Share only with a non-driving companion when the setting permits.",觀察「一件協助工作人員溝通的物品」，想一個顏色、形狀、聲音或細節；只有在情境允許且有非駕駛同行者時才分享。,true,false,false,true,true,"Use only while safely stationary and when the adult permits it. Queue, ride, height, restraint and staff instructions always take priority.",只有在安全停留且大人允許時才使用。排隊、設施、身高、安全裝置與工作人員指示永遠優先。,
theme-park,Theme park,主題樂園,target-03,one object that helps staff communicate,一件協助工作人員溝通的物品,create,Plan or create,規劃／創作,"Use one object that helps staff communicate as a prompt. Invent one kind question, route idea or tiny story alone or with a non-driving companion when permitted.",以「一件協助工作人員溝通的物品」為提示，自己想一個友善問題、小路線或迷你故事；情境允許時也可和非駕駛同行者一起想。,true,false,false,true,true,"Use only while safely stationary and when the adult permits it. Queue, ride, height, restraint and staff instructions always take priority.",只有在安全停留且大人允許時才使用。排隊、設施、身高、安全裝置與工作人員指示永遠優先。,
theme-park,Theme park,主題樂園,target-04,one colour used to guide visitors,一種用來引導遊客的顏色,watch,Watch or point,看一看／指出來,"From your current spot, notice one colour used to guide visitors. Point only when the setting permits and your supervising adult has said it is safe; never ask a driver to look.",從目前位置觀察「一種用來引導遊客的顏色」。只有在情境允許且陪同大人已確認安全時，才從原地指出來；絕不要求駕駛查看。,true,false,false,true,true,"Use only while safely stationary and when the adult permits it. Queue, ride, height, restraint and staff instructions always take priority.",只有在安全停留且大人允許時才使用。排隊、設施、身高、安全裝置與工作人員指示永遠優先。,
theme-park,Theme park,主題樂園,target-04,one colour used to guide visitors,一種用來引導遊客的顏色,describe,Notice or describe,觀察／描述,"Notice one colour used to guide visitors. Think of one colour, shape, sound or detail. Share only with a non-driving companion when the setting permits.",觀察「一種用來引導遊客的顏色」，想一個顏色、形狀、聲音或細節；只有在情境允許且有非駕駛同行者時才分享。,true,false,false,true,true,"Use only while safely stationary and when the adult permits it. Queue, ride, height, restraint and staff instructions always take priority.",只有在安全停留且大人允許時才使用。排隊、設施、身高、安全裝置與工作人員指示永遠優先。,
theme-park,Theme park,主題樂園,target-04,one colour used to guide visitors,一種用來引導遊客的顏色,create,Plan or create,規劃／創作,"Use one colour used to guide visitors as a prompt. Invent one kind question, route idea or tiny story alone or with a non-driving companion when permitted.",以「一種用來引導遊客的顏色」為提示，自己想一個友善問題、小路線或迷你故事；情境允許時也可和非駕駛同行者一起想。,true,false,false,true,true,"Use only while safely stationary and when the adult permits it. Queue, ride, height, restraint and staff instructions always take priority.",只有在安全停留且大人允許時才使用。排隊、設施、身高、安全裝置與工作人員指示永遠優先。,
theme-park,Theme park,主題樂園,target-05,one shaded or quiet rest area,一個有遮蔭或較安靜的休息區,watch,Watch or point,看一看／指出來,"From your current spot, notice one shaded or quiet rest area. Point only when the setting permits and your supervising adult has said it is safe; never ask a driver to look.",從目前位置觀察「一個有遮蔭或較安靜的休息區」。只有在情境允許且陪同大人已確認安全時，才從原地指出來；絕不要求駕駛查看。,true,false,false,true,true,"Use only while safely stationary and when the adult permits it. Queue, ride, height, restraint and staff instructions always take priority.",只有在安全停留且大人允許時才使用。排隊、設施、身高、安全裝置與工作人員指示永遠優先。,
theme-park,Theme park,主題樂園,target-05,one shaded or quiet rest area,一個有遮蔭或較安靜的休息區,describe,Notice or describe,觀察／描述,"Notice one shaded or quiet rest area. Think of one colour, shape, sound or detail. Share only with a non-driving companion when the setting permits.",觀察「一個有遮蔭或較安靜的休息區」，想一個顏色、形狀、聲音或細節；只有在情境允許且有非駕駛同行者時才分享。,true,false,false,true,true,"Use only while safely stationary and when the adult permits it. Queue, ride, height, restraint and staff instructions always take priority.",只有在安全停留且大人允許時才使用。排隊、設施、身高、安全裝置與工作人員指示永遠優先。,
theme-park,Theme park,主題樂園,target-05,one shaded or quiet rest area,一個有遮蔭或較安靜的休息區,create,Plan or create,規劃／創作,"Use one shaded or quiet rest area as a prompt. Invent one kind question, route idea or tiny story alone or with a non-driving companion when permitted.",以「一個有遮蔭或較安靜的休息區」為提示，自己想一個友善問題、小路線或迷你故事；情境允許時也可和非駕駛同行者一起想。,true,false,false,true,true,"Use only while safely stationary and when the adult permits it. Queue, ride, height, restraint and staff instructions always take priority.",只有在安全停留且大人允許時才使用。排隊、設施、身高、安全裝置與工作人員指示永遠優先。,
theme-park,Theme park,主題樂園,target-06,one sound that belongs to the theme,一個符合主題的聲音,watch,Watch or point,看一看／指出來,"From your current spot, notice one sound that belongs to the theme. Point only when the setting permits and your supervising adult has said it is safe; never ask a driver to look.",從目前位置觀察「一個符合主題的聲音」。只有在情境允許且陪同大人已確認安全時，才從原地指出來；絕不要求駕駛查看。,true,false,false,true,true,"Use only while safely stationary and when the adult permits it. Queue, ride, height, restraint and staff instructions always take priority.",只有在安全停留且大人允許時才使用。排隊、設施、身高、安全裝置與工作人員指示永遠優先。,
theme-park,Theme park,主題樂園,target-06,one sound that belongs to the theme,一個符合主題的聲音,describe,Notice or describe,觀察／描述,"Notice one sound that belongs to the theme. Think of one colour, shape, sound or detail. Share only with a non-driving companion when the setting permits.",觀察「一個符合主題的聲音」，想一個顏色、形狀、聲音或細節；只有在情境允許且有非駕駛同行者時才分享。,true,false,false,true,true,"Use only while safely stationary and when the adult permits it. Queue, ride, height, restraint and staff instructions always take priority.",只有在安全停留且大人允許時才使用。排隊、設施、身高、安全裝置與工作人員指示永遠優先。,
theme-park,Theme park,主題樂園,target-06,one sound that belongs to the theme,一個符合主題的聲音,create,Plan or create,規劃／創作,"Use one sound that belongs to the theme as a prompt. Invent one kind question, route idea or tiny story alone or with a non-driving companion when permitted.",以「一個符合主題的聲音」為提示，自己想一個友善問題、小路線或迷你故事；情境允許時也可和非駕駛同行者一起想。,true,false,false,true,true,"Use only while safely stationary and when the adult permits it. Queue, ride, height, restraint and staff instructions always take priority.",只有在安全停留且大人允許時才使用。排隊、設施、身高、安全裝置與工作人員指示永遠優先。,
theme-park,Theme park,主題樂園,target-07,one way the group can stay together,一種讓同行成員保持在一起的方法,watch,Watch or point,看一看／指出來,"From your current spot, notice one way the group can stay together. Point only when the setting permits and your supervising adult has said it is safe; never ask a driver to look.",從目前位置觀察「一種讓同行成員保持在一起的方法」。只有在情境允許且陪同大人已確認安全時，才從原地指出來；絕不要求駕駛查看。,true,false,false,true,true,"Use only while safely stationary and when the adult permits it. Queue, ride, height, restraint and staff instructions always take priority.",只有在安全停留且大人允許時才使用。排隊、設施、身高、安全裝置與工作人員指示永遠優先。,
theme-park,Theme park,主題樂園,target-07,one way the group can stay together,一種讓同行成員保持在一起的方法,describe,Notice or describe,觀察／描述,"Notice one way the group can stay together. Think of one colour, shape, sound or detail. Share only with a non-driving companion when the setting permits.",觀察「一種讓同行成員保持在一起的方法」，想一個顏色、形狀、聲音或細節；只有在情境允許且有非駕駛同行者時才分享。,true,false,false,true,true,"Use only while safely stationary and when the adult permits it. Queue, ride, height, restraint and staff instructions always take priority.",只有在安全停留且大人允許時才使用。排隊、設施、身高、安全裝置與工作人員指示永遠優先。,
theme-park,Theme park,主題樂園,target-07,one way the group can stay together,一種讓同行成員保持在一起的方法,create,Plan or create,規劃／創作,"Use one way the group can stay together as a prompt. Invent one kind question, route idea or tiny story alone or with a non-driving companion when permitted.",以「一種讓同行成員保持在一起的方法」為提示，自己想一個友善問題、小路線或迷你故事；情境允許時也可和非駕駛同行者一起想。,true,false,false,true,true,"Use only while safely stationary and when the adult permits it. Queue, ride, height, restraint and staff instructions always take priority.",只有在安全停留且大人允許時才使用。排隊、設施、身高、安全裝置與工作人員指示永遠優先。,
nature-beach,Nature or beach,自然景點或海邊,target-01,one pattern made by wind or water,一種由風或水形成的圖案,watch,Watch or point,看一看／指出來,"From your current spot, notice one pattern made by wind or water. Point only when the setting permits and your supervising adult has said it is safe; never ask a driver to look.",從目前位置觀察「一種由風或水形成的圖案」。只有在情境允許且陪同大人已確認安全時，才從原地指出來；絕不要求駕駛查看。,true,false,false,true,true,"Stay where the adult and local rules allow. Observe wildlife from a safe distance; do not touch, collect or feed anything for a card.",只停留在大人與當地規則允許的地方，和野生動物保持安全距離；不為了卡片觸摸、撿走或餵食任何東西。,nps-junior-ranger
nature-beach,Nature or beach,自然景點或海邊,target-01,one pattern made by wind or water,一種由風或水形成的圖案,describe,Notice or describe,觀察／描述,"Notice one pattern made by wind or water. Think of one colour, shape, sound or detail. Share only with a non-driving companion when the setting permits.",觀察「一種由風或水形成的圖案」，想一個顏色、形狀、聲音或細節；只有在情境允許且有非駕駛同行者時才分享。,true,false,false,true,true,"Stay where the adult and local rules allow. Observe wildlife from a safe distance; do not touch, collect or feed anything for a card.",只停留在大人與當地規則允許的地方，和野生動物保持安全距離；不為了卡片觸摸、撿走或餵食任何東西。,nps-junior-ranger
nature-beach,Nature or beach,自然景點或海邊,target-01,one pattern made by wind or water,一種由風或水形成的圖案,create,Plan or create,規劃／創作,"Use one pattern made by wind or water as a prompt. Invent one kind question, route idea or tiny story alone or with a non-driving companion when permitted.",以「一種由風或水形成的圖案」為提示，自己想一個友善問題、小路線或迷你故事；情境允許時也可和非駕駛同行者一起想。,true,false,false,true,true,"Stay where the adult and local rules allow. Observe wildlife from a safe distance; do not touch, collect or feed anything for a card.",只停留在大人與當地規則允許的地方，和野生動物保持安全距離；不為了卡片觸摸、撿走或餵食任何東西。,nps-junior-ranger
nature-beach,Nature or beach,自然景點或海邊,target-02,one natural object to observe without taking,一件只觀察、不帶走的自然物,watch,Watch or point,看一看／指出來,"From your current spot, notice one natural object to observe without taking. Point only when the setting permits and your supervising adult has said it is safe; never ask a driver to look.",從目前位置觀察「一件只觀察、不帶走的自然物」。只有在情境允許且陪同大人已確認安全時，才從原地指出來；絕不要求駕駛查看。,true,false,false,true,true,"Stay where the adult and local rules allow. Observe wildlife from a safe distance; do not touch, collect or feed anything for a card.",只停留在大人與當地規則允許的地方，和野生動物保持安全距離；不為了卡片觸摸、撿走或餵食任何東西。,nps-junior-ranger
nature-beach,Nature or beach,自然景點或海邊,target-02,one natural object to observe without taking,一件只觀察、不帶走的自然物,describe,Notice or describe,觀察／描述,"Notice one natural object to observe without taking. Think of one colour, shape, sound or detail. Share only with a non-driving companion when the setting permits.",觀察「一件只觀察、不帶走的自然物」，想一個顏色、形狀、聲音或細節；只有在情境允許且有非駕駛同行者時才分享。,true,false,false,true,true,"Stay where the adult and local rules allow. Observe wildlife from a safe distance; do not touch, collect or feed anything for a card.",只停留在大人與當地規則允許的地方，和野生動物保持安全距離；不為了卡片觸摸、撿走或餵食任何東西。,nps-junior-ranger
nature-beach,Nature or beach,自然景點或海邊,target-02,one natural object to observe without taking,一件只觀察、不帶走的自然物,create,Plan or create,規劃／創作,"Use one natural object to observe without taking as a prompt. Invent one kind question, route idea or tiny story alone or with a non-driving companion when permitted.",以「一件只觀察、不帶走的自然物」為提示，自己想一個友善問題、小路線或迷你故事；情境允許時也可和非駕駛同行者一起想。,true,false,false,true,true,"Stay where the adult and local rules allow. Observe wildlife from a safe distance; do not touch, collect or feed anything for a card.",只停留在大人與當地規則允許的地方，和野生動物保持安全距離；不為了卡片觸摸、撿走或餵食任何東西。,nps-junior-ranger
nature-beach,Nature or beach,自然景點或海邊,target-03,one sign of an animal from a safe distance,一個從安全距離看得到的動物線索,watch,Watch or point,看一看／指出來,"From your current spot, notice one sign of an animal from a safe distance. Point only when the setting permits and your supervising adult has said it is safe; never ask a driver to look.",從目前位置觀察「一個從安全距離看得到的動物線索」。只有在情境允許且陪同大人已確認安全時，才從原地指出來；絕不要求駕駛查看。,true,false,false,true,true,"Stay where the adult and local rules allow. Observe wildlife from a safe distance; do not touch, collect or feed anything for a card.",只停留在大人與當地規則允許的地方，和野生動物保持安全距離；不為了卡片觸摸、撿走或餵食任何東西。,nps-junior-ranger
nature-beach,Nature or beach,自然景點或海邊,target-03,one sign of an animal from a safe distance,一個從安全距離看得到的動物線索,describe,Notice or describe,觀察／描述,"Notice one sign of an animal from a safe distance. Think of one colour, shape, sound or detail. Share only with a non-driving companion when the setting permits.",觀察「一個從安全距離看得到的動物線索」，想一個顏色、形狀、聲音或細節；只有在情境允許且有非駕駛同行者時才分享。,true,false,false,true,true,"Stay where the adult and local rules allow. Observe wildlife from a safe distance; do not touch, collect or feed anything for a card.",只停留在大人與當地規則允許的地方，和野生動物保持安全距離；不為了卡片觸摸、撿走或餵食任何東西。,nps-junior-ranger
nature-beach,Nature or beach,自然景點或海邊,target-03,one sign of an animal from a safe distance,一個從安全距離看得到的動物線索,create,Plan or create,規劃／創作,"Use one sign of an animal from a safe distance as a prompt. Invent one kind question, route idea or tiny story alone or with a non-driving companion when permitted.",以「一個從安全距離看得到的動物線索」為提示，自己想一個友善問題、小路線或迷你故事；情境允許時也可和非駕駛同行者一起想。,true,false,false,true,true,"Stay where the adult and local rules allow. Observe wildlife from a safe distance; do not touch, collect or feed anything for a card.",只停留在大人與當地規則允許的地方，和野生動物保持安全距離；不為了卡片觸摸、撿走或餵食任何東西。,nps-junior-ranger
nature-beach,Nature or beach,自然景點或海邊,target-04,two shades of one colour,同一種顏色的兩種深淺,watch,Watch or point,看一看／指出來,"From your current spot, notice two shades of one colour. Point only when the setting permits and your supervising adult has said it is safe; never ask a driver to look.",從目前位置觀察「同一種顏色的兩種深淺」。只有在情境允許且陪同大人已確認安全時，才從原地指出來；絕不要求駕駛查看。,true,false,false,true,true,"Stay where the adult and local rules allow. Observe wildlife from a safe distance; do not touch, collect or feed anything for a card.",只停留在大人與當地規則允許的地方，和野生動物保持安全距離；不為了卡片觸摸、撿走或餵食任何東西。,nps-junior-ranger
nature-beach,Nature or beach,自然景點或海邊,target-04,two shades of one colour,同一種顏色的兩種深淺,describe,Notice or describe,觀察／描述,"Notice two shades of one colour. Think of one colour, shape, sound or detail. Share only with a non-driving companion when the setting permits.",觀察「同一種顏色的兩種深淺」，想一個顏色、形狀、聲音或細節；只有在情境允許且有非駕駛同行者時才分享。,true,false,false,true,true,"Stay where the adult and local rules allow. Observe wildlife from a safe distance; do not touch, collect or feed anything for a card.",只停留在大人與當地規則允許的地方，和野生動物保持安全距離；不為了卡片觸摸、撿走或餵食任何東西。,nps-junior-ranger
nature-beach,Nature or beach,自然景點或海邊,target-04,two shades of one colour,同一種顏色的兩種深淺,create,Plan or create,規劃／創作,"Use two shades of one colour as a prompt. Invent one kind question, route idea or tiny story alone or with a non-driving companion when permitted.",以「同一種顏色的兩種深淺」為提示，自己想一個友善問題、小路線或迷你故事；情境允許時也可和非駕駛同行者一起想。,true,false,false,true,true,"Stay where the adult and local rules allow. Observe wildlife from a safe distance; do not touch, collect or feed anything for a card.",只停留在大人與當地規則允許的地方，和野生動物保持安全距離；不為了卡片觸摸、撿走或餵食任何東西。,nps-junior-ranger
nature-beach,Nature or beach,自然景點或海邊,target-05,one weather change,一項天氣變化,watch,Watch or point,看一看／指出來,"From your current spot, notice one weather change. Point only when the setting permits and your supervising adult has said it is safe; never ask a driver to look.",從目前位置觀察「一項天氣變化」。只有在情境允許且陪同大人已確認安全時，才從原地指出來；絕不要求駕駛查看。,true,false,false,true,true,"Stay where the adult and local rules allow. Observe wildlife from a safe distance; do not touch, collect or feed anything for a card.",只停留在大人與當地規則允許的地方，和野生動物保持安全距離；不為了卡片觸摸、撿走或餵食任何東西。,nps-junior-ranger
nature-beach,Nature or beach,自然景點或海邊,target-05,one weather change,一項天氣變化,describe,Notice or describe,觀察／描述,"Notice one weather change. Think of one colour, shape, sound or detail. Share only with a non-driving companion when the setting permits.",觀察「一項天氣變化」，想一個顏色、形狀、聲音或細節；只有在情境允許且有非駕駛同行者時才分享。,true,false,false,true,true,"Stay where the adult and local rules allow. Observe wildlife from a safe distance; do not touch, collect or feed anything for a card.",只停留在大人與當地規則允許的地方，和野生動物保持安全距離；不為了卡片觸摸、撿走或餵食任何東西。,nps-junior-ranger
nature-beach,Nature or beach,自然景點或海邊,target-05,one weather change,一項天氣變化,create,Plan or create,規劃／創作,"Use one weather change as a prompt. Invent one kind question, route idea or tiny story alone or with a non-driving companion when permitted.",以「一項天氣變化」為提示，自己想一個友善問題、小路線或迷你故事；情境允許時也可和非駕駛同行者一起想。,true,false,false,true,true,"Stay where the adult and local rules allow. Observe wildlife from a safe distance; do not touch, collect or feed anything for a card.",只停留在大人與當地規則允許的地方，和野生動物保持安全距離；不為了卡片觸摸、撿走或餵食任何東西。,nps-junior-ranger
nature-beach,Nature or beach,自然景點或海邊,target-06,one sound you can hear without moving closer,一個不用靠近也聽得到的聲音,watch,Watch or point,看一看／指出來,"From your current spot, notice one sound you can hear without moving closer. Point only when the setting permits and your supervising adult has said it is safe; never ask a driver to look.",從目前位置觀察「一個不用靠近也聽得到的聲音」。只有在情境允許且陪同大人已確認安全時，才從原地指出來；絕不要求駕駛查看。,true,false,false,true,true,"Stay where the adult and local rules allow. Observe wildlife from a safe distance; do not touch, collect or feed anything for a card.",只停留在大人與當地規則允許的地方，和野生動物保持安全距離；不為了卡片觸摸、撿走或餵食任何東西。,nps-junior-ranger
nature-beach,Nature or beach,自然景點或海邊,target-06,one sound you can hear without moving closer,一個不用靠近也聽得到的聲音,describe,Notice or describe,觀察／描述,"Notice one sound you can hear without moving closer. Think of one colour, shape, sound or detail. Share only with a non-driving companion when the setting permits.",觀察「一個不用靠近也聽得到的聲音」，想一個顏色、形狀、聲音或細節；只有在情境允許且有非駕駛同行者時才分享。,true,false,false,true,true,"Stay where the adult and local rules allow. Observe wildlife from a safe distance; do not touch, collect or feed anything for a card.",只停留在大人與當地規則允許的地方，和野生動物保持安全距離；不為了卡片觸摸、撿走或餵食任何東西。,nps-junior-ranger
nature-beach,Nature or beach,自然景點或海邊,target-06,one sound you can hear without moving closer,一個不用靠近也聽得到的聲音,create,Plan or create,規劃／創作,"Use one sound you can hear without moving closer as a prompt. Invent one kind question, route idea or tiny story alone or with a non-driving companion when permitted.",以「一個不用靠近也聽得到的聲音」為提示，自己想一個友善問題、小路線或迷你故事；情境允許時也可和非駕駛同行者一起想。,true,false,false,true,true,"Stay where the adult and local rules allow. Observe wildlife from a safe distance; do not touch, collect or feed anything for a card.",只停留在大人與當地規則允許的地方，和野生動物保持安全距離；不為了卡片觸摸、撿走或餵食任何東西。,nps-junior-ranger
nature-beach,Nature or beach,自然景點或海邊,target-07,one way to leave the place as you found it,一種讓環境保持原樣的方法,watch,Watch or point,看一看／指出來,"From your current spot, notice one way to leave the place as you found it. Point only when the setting permits and your supervising adult has said it is safe; never ask a driver to look.",從目前位置觀察「一種讓環境保持原樣的方法」。只有在情境允許且陪同大人已確認安全時，才從原地指出來；絕不要求駕駛查看。,true,false,false,true,true,"Stay where the adult and local rules allow. Observe wildlife from a safe distance; do not touch, collect or feed anything for a card.",只停留在大人與當地規則允許的地方，和野生動物保持安全距離；不為了卡片觸摸、撿走或餵食任何東西。,nps-junior-ranger
nature-beach,Nature or beach,自然景點或海邊,target-07,one way to leave the place as you found it,一種讓環境保持原樣的方法,describe,Notice or describe,觀察／描述,"Notice one way to leave the place as you found it. Think of one colour, shape, sound or detail. Share only with a non-driving companion when the setting permits.",觀察「一種讓環境保持原樣的方法」，想一個顏色、形狀、聲音或細節；只有在情境允許且有非駕駛同行者時才分享。,true,false,false,true,true,"Stay where the adult and local rules allow. Observe wildlife from a safe distance; do not touch, collect or feed anything for a card.",只停留在大人與當地規則允許的地方，和野生動物保持安全距離；不為了卡片觸摸、撿走或餵食任何東西。,nps-junior-ranger
nature-beach,Nature or beach,自然景點或海邊,target-07,one way to leave the place as you found it,一種讓環境保持原樣的方法,create,Plan or create,規劃／創作,"Use one way to leave the place as you found it as a prompt. Invent one kind question, route idea or tiny story alone or with a non-driving companion when permitted.",以「一種讓環境保持原樣的方法」為提示，自己想一個友善問題、小路線或迷你故事；情境允許時也可和非駕駛同行者一起想。,true,false,false,true,true,"Stay where the adult and local rules allow. Observe wildlife from a safe distance; do not touch, collect or feed anything for a card.",只停留在大人與當地規則允許的地方，和野生動物保持安全距離；不為了卡片觸摸、撿走或餵食任何東西。,nps-junior-ranger
hotel,Hotel,飯店,target-01,one sign that helps find a room or exit,一個協助找到房間或出口的標誌,watch,Watch or point,看一看／指出來,"From your current spot, notice one sign that helps find a room or exit. Point only when the setting permits and your supervising adult has said it is safe; never ask a driver to look.",從目前位置觀察「一個協助找到房間或出口的標誌」。只有在情境允許且陪同大人已確認安全時，才從原地指出來；絕不要求駕駛查看。,true,false,false,true,true,"Keep room numbers, names and travel details off the cards. Respect other guests; the adult handles keys, exits and emergency information.",卡片上不寫房號、姓名或行程資料，並尊重其他旅客。房卡、出口與緊急資訊都由大人管理。,ftc-children-privacy
hotel,Hotel,飯店,target-01,one sign that helps find a room or exit,一個協助找到房間或出口的標誌,describe,Notice or describe,觀察／描述,"Notice one sign that helps find a room or exit. Think of one colour, shape, sound or detail. Share only with a non-driving companion when the setting permits.",觀察「一個協助找到房間或出口的標誌」，想一個顏色、形狀、聲音或細節；只有在情境允許且有非駕駛同行者時才分享。,true,false,false,true,true,"Keep room numbers, names and travel details off the cards. Respect other guests; the adult handles keys, exits and emergency information.",卡片上不寫房號、姓名或行程資料，並尊重其他旅客。房卡、出口與緊急資訊都由大人管理。,ftc-children-privacy
hotel,Hotel,飯店,target-01,one sign that helps find a room or exit,一個協助找到房間或出口的標誌,create,Plan or create,規劃／創作,"Use one sign that helps find a room or exit as a prompt. Invent one kind question, route idea or tiny story alone or with a non-driving companion when permitted.",以「一個協助找到房間或出口的標誌」為提示，自己想一個友善問題、小路線或迷你故事；情境允許時也可和非駕駛同行者一起想。,true,false,false,true,true,"Keep room numbers, names and travel details off the cards. Respect other guests; the adult handles keys, exits and emergency information.",卡片上不寫房號、姓名或行程資料，並尊重其他旅客。房卡、出口與緊急資訊都由大人管理。,ftc-children-privacy
hotel,Hotel,飯店,target-02,one repeating pattern in a shared area,公共空間裡一種重複出現的圖案,watch,Watch or point,看一看／指出來,"From your current spot, notice one repeating pattern in a shared area. Point only when the setting permits and your supervising adult has said it is safe; never ask a driver to look.",從目前位置觀察「公共空間裡一種重複出現的圖案」。只有在情境允許且陪同大人已確認安全時，才從原地指出來；絕不要求駕駛查看。,true,false,false,true,true,"Keep room numbers, names and travel details off the cards. Respect other guests; the adult handles keys, exits and emergency information.",卡片上不寫房號、姓名或行程資料，並尊重其他旅客。房卡、出口與緊急資訊都由大人管理。,ftc-children-privacy
hotel,Hotel,飯店,target-02,one repeating pattern in a shared area,公共空間裡一種重複出現的圖案,describe,Notice or describe,觀察／描述,"Notice one repeating pattern in a shared area. Think of one colour, shape, sound or detail. Share only with a non-driving companion when the setting permits.",觀察「公共空間裡一種重複出現的圖案」，想一個顏色、形狀、聲音或細節；只有在情境允許且有非駕駛同行者時才分享。,true,false,false,true,true,"Keep room numbers, names and travel details off the cards. Respect other guests; the adult handles keys, exits and emergency information.",卡片上不寫房號、姓名或行程資料，並尊重其他旅客。房卡、出口與緊急資訊都由大人管理。,ftc-children-privacy
hotel,Hotel,飯店,target-02,one repeating pattern in a shared area,公共空間裡一種重複出現的圖案,create,Plan or create,規劃／創作,"Use one repeating pattern in a shared area as a prompt. Invent one kind question, route idea or tiny story alone or with a non-driving companion when permitted.",以「公共空間裡一種重複出現的圖案」為提示，自己想一個友善問題、小路線或迷你故事；情境允許時也可和非駕駛同行者一起想。,true,false,false,true,true,"Keep room numbers, names and travel details off the cards. Respect other guests; the adult handles keys, exits and emergency information.",卡片上不寫房號、姓名或行程資料，並尊重其他旅客。房卡、出口與緊急資訊都由大人管理。,ftc-children-privacy
hotel,Hotel,飯店,target-03,one object that saves water or energy,一件節省水或能源的物品,watch,Watch or point,看一看／指出來,"From your current spot, notice one object that saves water or energy. Point only when the setting permits and your supervising adult has said it is safe; never ask a driver to look.",從目前位置觀察「一件節省水或能源的物品」。只有在情境允許且陪同大人已確認安全時，才從原地指出來；絕不要求駕駛查看。,true,false,false,true,true,"Keep room numbers, names and travel details off the cards. Respect other guests; the adult handles keys, exits and emergency information.",卡片上不寫房號、姓名或行程資料，並尊重其他旅客。房卡、出口與緊急資訊都由大人管理。,ftc-children-privacy
hotel,Hotel,飯店,target-03,one object that saves water or energy,一件節省水或能源的物品,describe,Notice or describe,觀察／描述,"Notice one object that saves water or energy. Think of one colour, shape, sound or detail. Share only with a non-driving companion when the setting permits.",觀察「一件節省水或能源的物品」，想一個顏色、形狀、聲音或細節；只有在情境允許且有非駕駛同行者時才分享。,true,false,false,true,true,"Keep room numbers, names and travel details off the cards. Respect other guests; the adult handles keys, exits and emergency information.",卡片上不寫房號、姓名或行程資料，並尊重其他旅客。房卡、出口與緊急資訊都由大人管理。,ftc-children-privacy
hotel,Hotel,飯店,target-03,one object that saves water or energy,一件節省水或能源的物品,create,Plan or create,規劃／創作,"Use one object that saves water or energy as a prompt. Invent one kind question, route idea or tiny story alone or with a non-driving companion when permitted.",以「一件節省水或能源的物品」為提示，自己想一個友善問題、小路線或迷你故事；情境允許時也可和非駕駛同行者一起想。,true,false,false,true,true,"Keep room numbers, names and travel details off the cards. Respect other guests; the adult handles keys, exits and emergency information.",卡片上不寫房號、姓名或行程資料，並尊重其他旅客。房卡、出口與緊急資訊都由大人管理。,ftc-children-privacy
hotel,Hotel,飯店,target-04,one quiet way to move through a hallway,一種安靜通過走廊的方法,watch,Watch or point,看一看／指出來,"From your current spot, notice one quiet way to move through a hallway. Point only when the setting permits and your supervising adult has said it is safe; never ask a driver to look.",從目前位置觀察「一種安靜通過走廊的方法」。只有在情境允許且陪同大人已確認安全時，才從原地指出來；絕不要求駕駛查看。,true,false,false,true,true,"Keep room numbers, names and travel details off the cards. Respect other guests; the adult handles keys, exits and emergency information.",卡片上不寫房號、姓名或行程資料，並尊重其他旅客。房卡、出口與緊急資訊都由大人管理。,ftc-children-privacy
hotel,Hotel,飯店,target-04,one quiet way to move through a hallway,一種安靜通過走廊的方法,describe,Notice or describe,觀察／描述,"Notice one quiet way to move through a hallway. Think of one colour, shape, sound or detail. Share only with a non-driving companion when the setting permits.",觀察「一種安靜通過走廊的方法」，想一個顏色、形狀、聲音或細節；只有在情境允許且有非駕駛同行者時才分享。,true,false,false,true,true,"Keep room numbers, names and travel details off the cards. Respect other guests; the adult handles keys, exits and emergency information.",卡片上不寫房號、姓名或行程資料，並尊重其他旅客。房卡、出口與緊急資訊都由大人管理。,ftc-children-privacy
hotel,Hotel,飯店,target-04,one quiet way to move through a hallway,一種安靜通過走廊的方法,create,Plan or create,規劃／創作,"Use one quiet way to move through a hallway as a prompt. Invent one kind question, route idea or tiny story alone or with a non-driving companion when permitted.",以「一種安靜通過走廊的方法」為提示，自己想一個友善問題、小路線或迷你故事；情境允許時也可和非駕駛同行者一起想。,true,false,false,true,true,"Keep room numbers, names and travel details off the cards. Respect other guests; the adult handles keys, exits and emergency information.",卡片上不寫房號、姓名或行程資料，並尊重其他旅客。房卡、出口與緊急資訊都由大人管理。,ftc-children-privacy
hotel,Hotel,飯店,target-05,one item the group needs before leaving the room,一件離開房間前同行成員需要的物品,watch,Watch or point,看一看／指出來,"From your current spot, notice one item the group needs before leaving the room. Point only when the setting permits and your supervising adult has said it is safe; never ask a driver to look.",從目前位置觀察「一件離開房間前同行成員需要的物品」。只有在情境允許且陪同大人已確認安全時，才從原地指出來；絕不要求駕駛查看。,true,false,false,true,true,"Keep room numbers, names and travel details off the cards. Respect other guests; the adult handles keys, exits and emergency information.",卡片上不寫房號、姓名或行程資料，並尊重其他旅客。房卡、出口與緊急資訊都由大人管理。,ftc-children-privacy
hotel,Hotel,飯店,target-05,one item the group needs before leaving the room,一件離開房間前同行成員需要的物品,describe,Notice or describe,觀察／描述,"Notice one item the group needs before leaving the room. Think of one colour, shape, sound or detail. Share only with a non-driving companion when the setting permits.",觀察「一件離開房間前同行成員需要的物品」，想一個顏色、形狀、聲音或細節；只有在情境允許且有非駕駛同行者時才分享。,true,false,false,true,true,"Keep room numbers, names and travel details off the cards. Respect other guests; the adult handles keys, exits and emergency information.",卡片上不寫房號、姓名或行程資料，並尊重其他旅客。房卡、出口與緊急資訊都由大人管理。,ftc-children-privacy
hotel,Hotel,飯店,target-05,one item the group needs before leaving the room,一件離開房間前同行成員需要的物品,create,Plan or create,規劃／創作,"Use one item the group needs before leaving the room as a prompt. Invent one kind question, route idea or tiny story alone or with a non-driving companion when permitted.",以「一件離開房間前同行成員需要的物品」為提示，自己想一個友善問題、小路線或迷你故事；情境允許時也可和非駕駛同行者一起想。,true,false,false,true,true,"Keep room numbers, names and travel details off the cards. Respect other guests; the adult handles keys, exits and emergency information.",卡片上不寫房號、姓名或行程資料，並尊重其他旅客。房卡、出口與緊急資訊都由大人管理。,ftc-children-privacy
hotel,Hotel,飯店,target-06,one view from an allowed shared space,一個從允許使用的公共空間看得到的景色,watch,Watch or point,看一看／指出來,"From your current spot, notice one view from an allowed shared space. Point only when the setting permits and your supervising adult has said it is safe; never ask a driver to look.",從目前位置觀察「一個從允許使用的公共空間看得到的景色」。只有在情境允許且陪同大人已確認安全時，才從原地指出來；絕不要求駕駛查看。,true,false,false,true,true,"Keep room numbers, names and travel details off the cards. Respect other guests; the adult handles keys, exits and emergency information.",卡片上不寫房號、姓名或行程資料，並尊重其他旅客。房卡、出口與緊急資訊都由大人管理。,ftc-children-privacy
hotel,Hotel,飯店,target-06,one view from an allowed shared space,一個從允許使用的公共空間看得到的景色,describe,Notice or describe,觀察／描述,"Notice one view from an allowed shared space. Think of one colour, shape, sound or detail. Share only with a non-driving companion when the setting permits.",觀察「一個從允許使用的公共空間看得到的景色」，想一個顏色、形狀、聲音或細節；只有在情境允許且有非駕駛同行者時才分享。,true,false,false,true,true,"Keep room numbers, names and travel details off the cards. Respect other guests; the adult handles keys, exits and emergency information.",卡片上不寫房號、姓名或行程資料，並尊重其他旅客。房卡、出口與緊急資訊都由大人管理。,ftc-children-privacy
hotel,Hotel,飯店,target-06,one view from an allowed shared space,一個從允許使用的公共空間看得到的景色,create,Plan or create,規劃／創作,"Use one view from an allowed shared space as a prompt. Invent one kind question, route idea or tiny story alone or with a non-driving companion when permitted.",以「一個從允許使用的公共空間看得到的景色」為提示，自己想一個友善問題、小路線或迷你故事；情境允許時也可和非駕駛同行者一起想。,true,false,false,true,true,"Keep room numbers, names and travel details off the cards. Respect other guests; the adult handles keys, exits and emergency information.",卡片上不寫房號、姓名或行程資料，並尊重其他旅客。房卡、出口與緊急資訊都由大人管理。,ftc-children-privacy
hotel,Hotel,飯店,target-07,one way to leave the room tidy,一種讓房間保持整齊的方法,watch,Watch or point,看一看／指出來,"From your current spot, notice one way to leave the room tidy. Point only when the setting permits and your supervising adult has said it is safe; never ask a driver to look.",從目前位置觀察「一種讓房間保持整齊的方法」。只有在情境允許且陪同大人已確認安全時，才從原地指出來；絕不要求駕駛查看。,true,false,false,true,true,"Keep room numbers, names and travel details off the cards. Respect other guests; the adult handles keys, exits and emergency information.",卡片上不寫房號、姓名或行程資料，並尊重其他旅客。房卡、出口與緊急資訊都由大人管理。,ftc-children-privacy
hotel,Hotel,飯店,target-07,one way to leave the room tidy,一種讓房間保持整齊的方法,describe,Notice or describe,觀察／描述,"Notice one way to leave the room tidy. Think of one colour, shape, sound or detail. Share only with a non-driving companion when the setting permits.",觀察「一種讓房間保持整齊的方法」，想一個顏色、形狀、聲音或細節；只有在情境允許且有非駕駛同行者時才分享。,true,false,false,true,true,"Keep room numbers, names and travel details off the cards. Respect other guests; the adult handles keys, exits and emergency information.",卡片上不寫房號、姓名或行程資料，並尊重其他旅客。房卡、出口與緊急資訊都由大人管理。,ftc-children-privacy
hotel,Hotel,飯店,target-07,one way to leave the room tidy,一種讓房間保持整齊的方法,create,Plan or create,規劃／創作,"Use one way to leave the room tidy as a prompt. Invent one kind question, route idea or tiny story alone or with a non-driving companion when permitted.",以「一種讓房間保持整齊的方法」為提示，自己想一個友善問題、小路線或迷你故事；情境允許時也可和非駕駛同行者一起想。,true,false,false,true,true,"Keep room numbers, names and travel details off the cards. Respect other guests; the adult handles keys, exits and emergency information.",卡片上不寫房號、姓名或行程資料，並尊重其他旅客。房卡、出口與緊急資訊都由大人管理。,ftc-children-privacy
restaurant,Restaurant,餐廳,target-01,one ingredient named on the menu,菜單上寫到的一種食材,watch,Watch or point,看一看／指出來,"From your current spot, notice one ingredient named on the menu. Point only when the setting permits and your supervising adult has said it is safe; never ask a driver to look.",從目前位置觀察「菜單上寫到的一種食材」。只有在情境允許且陪同大人已確認安全時，才從原地指出來；絕不要求駕駛查看。,true,false,false,true,true,"Adults and restaurant staff handle allergies, food safety and movement. Do not photograph or approach other guests for a card.",過敏、食品安全與走動方式由大人和餐廳人員處理；不為了卡片拍攝或靠近其他客人。,
restaurant,Restaurant,餐廳,target-01,one ingredient named on the menu,菜單上寫到的一種食材,describe,Notice or describe,觀察／描述,"Notice one ingredient named on the menu. Think of one colour, shape, sound or detail. Share only with a non-driving companion when the setting permits.",觀察「菜單上寫到的一種食材」，想一個顏色、形狀、聲音或細節；只有在情境允許且有非駕駛同行者時才分享。,true,false,false,true,true,"Adults and restaurant staff handle allergies, food safety and movement. Do not photograph or approach other guests for a card.",過敏、食品安全與走動方式由大人和餐廳人員處理；不為了卡片拍攝或靠近其他客人。,
restaurant,Restaurant,餐廳,target-01,one ingredient named on the menu,菜單上寫到的一種食材,create,Plan or create,規劃／創作,"Use one ingredient named on the menu as a prompt. Invent one kind question, route idea or tiny story alone or with a non-driving companion when permitted.",以「菜單上寫到的一種食材」為提示，自己想一個友善問題、小路線或迷你故事；情境允許時也可和非駕駛同行者一起想。,true,false,false,true,true,"Adults and restaurant staff handle allergies, food safety and movement. Do not photograph or approach other guests for a card.",過敏、食品安全與走動方式由大人和餐廳人員處理；不為了卡片拍攝或靠近其他客人。,
restaurant,Restaurant,餐廳,target-02,one shape repeated in the table setting,餐具擺設裡重複出現的一種形狀,watch,Watch or point,看一看／指出來,"From your current spot, notice one shape repeated in the table setting. Point only when the setting permits and your supervising adult has said it is safe; never ask a driver to look.",從目前位置觀察「餐具擺設裡重複出現的一種形狀」。只有在情境允許且陪同大人已確認安全時，才從原地指出來；絕不要求駕駛查看。,true,false,false,true,true,"Adults and restaurant staff handle allergies, food safety and movement. Do not photograph or approach other guests for a card.",過敏、食品安全與走動方式由大人和餐廳人員處理；不為了卡片拍攝或靠近其他客人。,
restaurant,Restaurant,餐廳,target-02,one shape repeated in the table setting,餐具擺設裡重複出現的一種形狀,describe,Notice or describe,觀察／描述,"Notice one shape repeated in the table setting. Think of one colour, shape, sound or detail. Share only with a non-driving companion when the setting permits.",觀察「餐具擺設裡重複出現的一種形狀」，想一個顏色、形狀、聲音或細節；只有在情境允許且有非駕駛同行者時才分享。,true,false,false,true,true,"Adults and restaurant staff handle allergies, food safety and movement. Do not photograph or approach other guests for a card.",過敏、食品安全與走動方式由大人和餐廳人員處理；不為了卡片拍攝或靠近其他客人。,
restaurant,Restaurant,餐廳,target-02,one shape repeated in the table setting,餐具擺設裡重複出現的一種形狀,create,Plan or create,規劃／創作,"Use one shape repeated in the table setting as a prompt. Invent one kind question, route idea or tiny story alone or with a non-driving companion when permitted.",以「餐具擺設裡重複出現的一種形狀」為提示，自己想一個友善問題、小路線或迷你故事；情境允許時也可和非駕駛同行者一起想。,true,false,false,true,true,"Adults and restaurant staff handle allergies, food safety and movement. Do not photograph or approach other guests for a card.",過敏、食品安全與走動方式由大人和餐廳人員處理；不為了卡片拍攝或靠近其他客人。,
restaurant,Restaurant,餐廳,target-03,one polite phrase the group can use,一句同行成員可以使用的禮貌用語,watch,Watch or point,看一看／指出來,"From your current spot, notice one polite phrase the group can use. Point only when the setting permits and your supervising adult has said it is safe; never ask a driver to look.",從目前位置觀察「一句同行成員可以使用的禮貌用語」。只有在情境允許且陪同大人已確認安全時，才從原地指出來；絕不要求駕駛查看。,true,false,false,true,true,"Adults and restaurant staff handle allergies, food safety and movement. Do not photograph or approach other guests for a card.",過敏、食品安全與走動方式由大人和餐廳人員處理；不為了卡片拍攝或靠近其他客人。,
restaurant,Restaurant,餐廳,target-03,one polite phrase the group can use,一句同行成員可以使用的禮貌用語,describe,Notice or describe,觀察／描述,"Notice one polite phrase the group can use. Think of one colour, shape, sound or detail. Share only with a non-driving companion when the setting permits.",觀察「一句同行成員可以使用的禮貌用語」，想一個顏色、形狀、聲音或細節；只有在情境允許且有非駕駛同行者時才分享。,true,false,false,true,true,"Adults and restaurant staff handle allergies, food safety and movement. Do not photograph or approach other guests for a card.",過敏、食品安全與走動方式由大人和餐廳人員處理；不為了卡片拍攝或靠近其他客人。,
restaurant,Restaurant,餐廳,target-03,one polite phrase the group can use,一句同行成員可以使用的禮貌用語,create,Plan or create,規劃／創作,"Use one polite phrase the group can use as a prompt. Invent one kind question, route idea or tiny story alone or with a non-driving companion when permitted.",以「一句同行成員可以使用的禮貌用語」為提示，自己想一個友善問題、小路線或迷你故事；情境允許時也可和非駕駛同行者一起想。,true,false,false,true,true,"Adults and restaurant staff handle allergies, food safety and movement. Do not photograph or approach other guests for a card.",過敏、食品安全與走動方式由大人和餐廳人員處理；不為了卡片拍攝或靠近其他客人。,
restaurant,Restaurant,餐廳,target-04,one colour shared by two foods,兩種食物共有的一種顏色,watch,Watch or point,看一看／指出來,"From your current spot, notice one colour shared by two foods. Point only when the setting permits and your supervising adult has said it is safe; never ask a driver to look.",從目前位置觀察「兩種食物共有的一種顏色」。只有在情境允許且陪同大人已確認安全時，才從原地指出來；絕不要求駕駛查看。,true,false,false,true,true,"Adults and restaurant staff handle allergies, food safety and movement. Do not photograph or approach other guests for a card.",過敏、食品安全與走動方式由大人和餐廳人員處理；不為了卡片拍攝或靠近其他客人。,
restaurant,Restaurant,餐廳,target-04,one colour shared by two foods,兩種食物共有的一種顏色,describe,Notice or describe,觀察／描述,"Notice one colour shared by two foods. Think of one colour, shape, sound or detail. Share only with a non-driving companion when the setting permits.",觀察「兩種食物共有的一種顏色」，想一個顏色、形狀、聲音或細節；只有在情境允許且有非駕駛同行者時才分享。,true,false,false,true,true,"Adults and restaurant staff handle allergies, food safety and movement. Do not photograph or approach other guests for a card.",過敏、食品安全與走動方式由大人和餐廳人員處理；不為了卡片拍攝或靠近其他客人。,
restaurant,Restaurant,餐廳,target-04,one colour shared by two foods,兩種食物共有的一種顏色,create,Plan or create,規劃／創作,"Use one colour shared by two foods as a prompt. Invent one kind question, route idea or tiny story alone or with a non-driving companion when permitted.",以「兩種食物共有的一種顏色」為提示，自己想一個友善問題、小路線或迷你故事；情境允許時也可和非駕駛同行者一起想。,true,false,false,true,true,"Adults and restaurant staff handle allergies, food safety and movement. Do not photograph or approach other guests for a card.",過敏、食品安全與走動方式由大人和餐廳人員處理；不為了卡片拍攝或靠近其他客人。,
restaurant,Restaurant,餐廳,target-05,one item staff uses to organise service,一件工作人員用來安排服務的物品,watch,Watch or point,看一看／指出來,"From your current spot, notice one item staff uses to organise service. Point only when the setting permits and your supervising adult has said it is safe; never ask a driver to look.",從目前位置觀察「一件工作人員用來安排服務的物品」。只有在情境允許且陪同大人已確認安全時，才從原地指出來；絕不要求駕駛查看。,true,false,false,true,true,"Adults and restaurant staff handle allergies, food safety and movement. Do not photograph or approach other guests for a card.",過敏、食品安全與走動方式由大人和餐廳人員處理；不為了卡片拍攝或靠近其他客人。,
restaurant,Restaurant,餐廳,target-05,one item staff uses to organise service,一件工作人員用來安排服務的物品,describe,Notice or describe,觀察／描述,"Notice one item staff uses to organise service. Think of one colour, shape, sound or detail. Share only with a non-driving companion when the setting permits.",觀察「一件工作人員用來安排服務的物品」，想一個顏色、形狀、聲音或細節；只有在情境允許且有非駕駛同行者時才分享。,true,false,false,true,true,"Adults and restaurant staff handle allergies, food safety and movement. Do not photograph or approach other guests for a card.",過敏、食品安全與走動方式由大人和餐廳人員處理；不為了卡片拍攝或靠近其他客人。,
restaurant,Restaurant,餐廳,target-05,one item staff uses to organise service,一件工作人員用來安排服務的物品,create,Plan or create,規劃／創作,"Use one item staff uses to organise service as a prompt. Invent one kind question, route idea or tiny story alone or with a non-driving companion when permitted.",以「一件工作人員用來安排服務的物品」為提示，自己想一個友善問題、小路線或迷你故事；情境允許時也可和非駕駛同行者一起想。,true,false,false,true,true,"Adults and restaurant staff handle allergies, food safety and movement. Do not photograph or approach other guests for a card.",過敏、食品安全與走動方式由大人和餐廳人員處理；不為了卡片拍攝或靠近其他客人。,
restaurant,Restaurant,餐廳,target-06,one sound that signals food preparation,一個和準備餐點有關的聲音,watch,Watch or point,看一看／指出來,"From your current spot, notice one sound that signals food preparation. Point only when the setting permits and your supervising adult has said it is safe; never ask a driver to look.",從目前位置觀察「一個和準備餐點有關的聲音」。只有在情境允許且陪同大人已確認安全時，才從原地指出來；絕不要求駕駛查看。,true,false,false,true,true,"Adults and restaurant staff handle allergies, food safety and movement. Do not photograph or approach other guests for a card.",過敏、食品安全與走動方式由大人和餐廳人員處理；不為了卡片拍攝或靠近其他客人。,
restaurant,Restaurant,餐廳,target-06,one sound that signals food preparation,一個和準備餐點有關的聲音,describe,Notice or describe,觀察／描述,"Notice one sound that signals food preparation. Think of one colour, shape, sound or detail. Share only with a non-driving companion when the setting permits.",觀察「一個和準備餐點有關的聲音」，想一個顏色、形狀、聲音或細節；只有在情境允許且有非駕駛同行者時才分享。,true,false,false,true,true,"Adults and restaurant staff handle allergies, food safety and movement. Do not photograph or approach other guests for a card.",過敏、食品安全與走動方式由大人和餐廳人員處理；不為了卡片拍攝或靠近其他客人。,
restaurant,Restaurant,餐廳,target-06,one sound that signals food preparation,一個和準備餐點有關的聲音,create,Plan or create,規劃／創作,"Use one sound that signals food preparation as a prompt. Invent one kind question, route idea or tiny story alone or with a non-driving companion when permitted.",以「一個和準備餐點有關的聲音」為提示，自己想一個友善問題、小路線或迷你故事；情境允許時也可和非駕駛同行者一起想。,true,false,false,true,true,"Adults and restaurant staff handle allergies, food safety and movement. Do not photograph or approach other guests for a card.",過敏、食品安全與走動方式由大人和餐廳人員處理；不為了卡片拍攝或靠近其他客人。,
restaurant,Restaurant,餐廳,target-07,one way to help clear your own space,一種協助整理自己座位空間的方法,watch,Watch or point,看一看／指出來,"From your current spot, notice one way to help clear your own space. Point only when the setting permits and your supervising adult has said it is safe; never ask a driver to look.",從目前位置觀察「一種協助整理自己座位空間的方法」。只有在情境允許且陪同大人已確認安全時，才從原地指出來；絕不要求駕駛查看。,true,false,false,true,true,"Adults and restaurant staff handle allergies, food safety and movement. Do not photograph or approach other guests for a card.",過敏、食品安全與走動方式由大人和餐廳人員處理；不為了卡片拍攝或靠近其他客人。,
restaurant,Restaurant,餐廳,target-07,one way to help clear your own space,一種協助整理自己座位空間的方法,describe,Notice or describe,觀察／描述,"Notice one way to help clear your own space. Think of one colour, shape, sound or detail. Share only with a non-driving companion when the setting permits.",觀察「一種協助整理自己座位空間的方法」，想一個顏色、形狀、聲音或細節；只有在情境允許且有非駕駛同行者時才分享。,true,false,false,true,true,"Adults and restaurant staff handle allergies, food safety and movement. Do not photograph or approach other guests for a card.",過敏、食品安全與走動方式由大人和餐廳人員處理；不為了卡片拍攝或靠近其他客人。,
restaurant,Restaurant,餐廳,target-07,one way to help clear your own space,一種協助整理自己座位空間的方法,create,Plan or create,規劃／創作,"Use one way to help clear your own space as a prompt. Invent one kind question, route idea or tiny story alone or with a non-driving companion when permitted.",以「一種協助整理自己座位空間的方法」為提示，自己想一個友善問題、小路線或迷你故事；情境允許時也可和非駕駛同行者一起想。,true,false,false,true,true,"Adults and restaurant staff handle allergies, food safety and movement. Do not photograph or approach other guests for a card.",過敏、食品安全與走動方式由大人和餐廳人員處理；不為了卡片拍攝或靠近其他客人。,
quiet-waiting,Quiet waiting,安靜等待,target-01,one object with straight lines,一件有直線的物品,watch,Watch or point,看一看／指出來,"From your current spot, notice one object with straight lines. Point only when the setting permits and your supervising adult has said it is safe; never ask a driver to look.",從目前位置觀察「一件有直線的物品」。只有在情境允許且陪同大人已確認安全時，才從原地指出來；絕不要求駕駛查看。,true,false,false,true,true,"Observe from the seat or area chosen by the adult. Never approach a stranger for a card, and skip anything that could disturb the space.",只從大人選定的座位或區域觀察，不為了卡片靠近陌生人；任何可能打擾現場的內容都直接跳過。,
quiet-waiting,Quiet waiting,安靜等待,target-01,one object with straight lines,一件有直線的物品,describe,Notice or describe,觀察／描述,"Notice one object with straight lines. Think of one colour, shape, sound or detail. Share only with a non-driving companion when the setting permits.",觀察「一件有直線的物品」，想一個顏色、形狀、聲音或細節；只有在情境允許且有非駕駛同行者時才分享。,true,false,false,true,true,"Observe from the seat or area chosen by the adult. Never approach a stranger for a card, and skip anything that could disturb the space.",只從大人選定的座位或區域觀察，不為了卡片靠近陌生人；任何可能打擾現場的內容都直接跳過。,
quiet-waiting,Quiet waiting,安靜等待,target-01,one object with straight lines,一件有直線的物品,create,Plan or create,規劃／創作,"Use one object with straight lines as a prompt. Invent one kind question, route idea or tiny story alone or with a non-driving companion when permitted.",以「一件有直線的物品」為提示，自己想一個友善問題、小路線或迷你故事；情境允許時也可和非駕駛同行者一起想。,true,false,false,true,true,"Observe from the seat or area chosen by the adult. Never approach a stranger for a card, and skip anything that could disturb the space.",只從大人選定的座位或區域觀察，不為了卡片靠近陌生人；任何可能打擾現場的內容都直接跳過。,
quiet-waiting,Quiet waiting,安靜等待,target-02,one object with curved lines,一件有曲線的物品,watch,Watch or point,看一看／指出來,"From your current spot, notice one object with curved lines. Point only when the setting permits and your supervising adult has said it is safe; never ask a driver to look.",從目前位置觀察「一件有曲線的物品」。只有在情境允許且陪同大人已確認安全時，才從原地指出來；絕不要求駕駛查看。,true,false,false,true,true,"Observe from the seat or area chosen by the adult. Never approach a stranger for a card, and skip anything that could disturb the space.",只從大人選定的座位或區域觀察，不為了卡片靠近陌生人；任何可能打擾現場的內容都直接跳過。,
quiet-waiting,Quiet waiting,安靜等待,target-02,one object with curved lines,一件有曲線的物品,describe,Notice or describe,觀察／描述,"Notice one object with curved lines. Think of one colour, shape, sound or detail. Share only with a non-driving companion when the setting permits.",觀察「一件有曲線的物品」，想一個顏色、形狀、聲音或細節；只有在情境允許且有非駕駛同行者時才分享。,true,false,false,true,true,"Observe from the seat or area chosen by the adult. Never approach a stranger for a card, and skip anything that could disturb the space.",只從大人選定的座位或區域觀察，不為了卡片靠近陌生人；任何可能打擾現場的內容都直接跳過。,
quiet-waiting,Quiet waiting,安靜等待,target-02,one object with curved lines,一件有曲線的物品,create,Plan or create,規劃／創作,"Use one object with curved lines as a prompt. Invent one kind question, route idea or tiny story alone or with a non-driving companion when permitted.",以「一件有曲線的物品」為提示，自己想一個友善問題、小路線或迷你故事；情境允許時也可和非駕駛同行者一起想。,true,false,false,true,true,"Observe from the seat or area chosen by the adult. Never approach a stranger for a card, and skip anything that could disturb the space.",只從大人選定的座位或區域觀察，不為了卡片靠近陌生人；任何可能打擾現場的內容都直接跳過。,
quiet-waiting,Quiet waiting,安靜等待,target-03,three things in the same colour family,三件屬於相近色系的東西,watch,Watch or point,看一看／指出來,"From your current spot, notice three things in the same colour family. Point only when the setting permits and your supervising adult has said it is safe; never ask a driver to look.",從目前位置觀察「三件屬於相近色系的東西」。只有在情境允許且陪同大人已確認安全時，才從原地指出來；絕不要求駕駛查看。,true,false,false,true,true,"Observe from the seat or area chosen by the adult. Never approach a stranger for a card, and skip anything that could disturb the space.",只從大人選定的座位或區域觀察，不為了卡片靠近陌生人；任何可能打擾現場的內容都直接跳過。,
quiet-waiting,Quiet waiting,安靜等待,target-03,three things in the same colour family,三件屬於相近色系的東西,describe,Notice or describe,觀察／描述,"Notice three things in the same colour family. Think of one colour, shape, sound or detail. Share only with a non-driving companion when the setting permits.",觀察「三件屬於相近色系的東西」，想一個顏色、形狀、聲音或細節；只有在情境允許且有非駕駛同行者時才分享。,true,false,false,true,true,"Observe from the seat or area chosen by the adult. Never approach a stranger for a card, and skip anything that could disturb the space.",只從大人選定的座位或區域觀察，不為了卡片靠近陌生人；任何可能打擾現場的內容都直接跳過。,
quiet-waiting,Quiet waiting,安靜等待,target-03,three things in the same colour family,三件屬於相近色系的東西,create,Plan or create,規劃／創作,"Use three things in the same colour family as a prompt. Invent one kind question, route idea or tiny story alone or with a non-driving companion when permitted.",以「三件屬於相近色系的東西」為提示，自己想一個友善問題、小路線或迷你故事；情境允許時也可和非駕駛同行者一起想。,true,false,false,true,true,"Observe from the seat or area chosen by the adult. Never approach a stranger for a card, and skip anything that could disturb the space.",只從大人選定的座位或區域觀察，不為了卡片靠近陌生人；任何可能打擾現場的內容都直接跳過。,
quiet-waiting,Quiet waiting,安靜等待,target-04,one nearby sound and one distant sound,一個近處聲音與一個遠處聲音,watch,Watch or point,看一看／指出來,"From your current spot, notice one nearby sound and one distant sound. Point only when the setting permits and your supervising adult has said it is safe; never ask a driver to look.",從目前位置觀察「一個近處聲音與一個遠處聲音」。只有在情境允許且陪同大人已確認安全時，才從原地指出來；絕不要求駕駛查看。,true,false,false,true,true,"Observe from the seat or area chosen by the adult. Never approach a stranger for a card, and skip anything that could disturb the space.",只從大人選定的座位或區域觀察，不為了卡片靠近陌生人；任何可能打擾現場的內容都直接跳過。,
quiet-waiting,Quiet waiting,安靜等待,target-04,one nearby sound and one distant sound,一個近處聲音與一個遠處聲音,describe,Notice or describe,觀察／描述,"Notice one nearby sound and one distant sound. Think of one colour, shape, sound or detail. Share only with a non-driving companion when the setting permits.",觀察「一個近處聲音與一個遠處聲音」，想一個顏色、形狀、聲音或細節；只有在情境允許且有非駕駛同行者時才分享。,true,false,false,true,true,"Observe from the seat or area chosen by the adult. Never approach a stranger for a card, and skip anything that could disturb the space.",只從大人選定的座位或區域觀察，不為了卡片靠近陌生人；任何可能打擾現場的內容都直接跳過。,
quiet-waiting,Quiet waiting,安靜等待,target-04,one nearby sound and one distant sound,一個近處聲音與一個遠處聲音,create,Plan or create,規劃／創作,"Use one nearby sound and one distant sound as a prompt. Invent one kind question, route idea or tiny story alone or with a non-driving companion when permitted.",以「一個近處聲音與一個遠處聲音」為提示，自己想一個友善問題、小路線或迷你故事；情境允許時也可和非駕駛同行者一起想。,true,false,false,true,true,"Observe from the seat or area chosen by the adult. Never approach a stranger for a card, and skip anything that could disturb the space.",只從大人選定的座位或區域觀察，不為了卡片靠近陌生人；任何可能打擾現場的內容都直接跳過。,
quiet-waiting,Quiet waiting,安靜等待,target-05,one object that starts with a chosen sound,一件名稱以指定聲音開頭的物品,watch,Watch or point,看一看／指出來,"From your current spot, notice one object that starts with a chosen sound. Point only when the setting permits and your supervising adult has said it is safe; never ask a driver to look.",從目前位置觀察「一件名稱以指定聲音開頭的物品」。只有在情境允許且陪同大人已確認安全時，才從原地指出來；絕不要求駕駛查看。,true,false,false,true,true,"Observe from the seat or area chosen by the adult. Never approach a stranger for a card, and skip anything that could disturb the space.",只從大人選定的座位或區域觀察，不為了卡片靠近陌生人；任何可能打擾現場的內容都直接跳過。,
quiet-waiting,Quiet waiting,安靜等待,target-05,one object that starts with a chosen sound,一件名稱以指定聲音開頭的物品,describe,Notice or describe,觀察／描述,"Notice one object that starts with a chosen sound. Think of one colour, shape, sound or detail. Share only with a non-driving companion when the setting permits.",觀察「一件名稱以指定聲音開頭的物品」，想一個顏色、形狀、聲音或細節；只有在情境允許且有非駕駛同行者時才分享。,true,false,false,true,true,"Observe from the seat or area chosen by the adult. Never approach a stranger for a card, and skip anything that could disturb the space.",只從大人選定的座位或區域觀察，不為了卡片靠近陌生人；任何可能打擾現場的內容都直接跳過。,
quiet-waiting,Quiet waiting,安靜等待,target-05,one object that starts with a chosen sound,一件名稱以指定聲音開頭的物品,create,Plan or create,規劃／創作,"Use one object that starts with a chosen sound as a prompt. Invent one kind question, route idea or tiny story alone or with a non-driving companion when permitted.",以「一件名稱以指定聲音開頭的物品」為提示，自己想一個友善問題、小路線或迷你故事；情境允許時也可和非駕駛同行者一起想。,true,false,false,true,true,"Observe from the seat or area chosen by the adult. Never approach a stranger for a card, and skip anything that could disturb the space.",只從大人選定的座位或區域觀察，不為了卡片靠近陌生人；任何可能打擾現場的內容都直接跳過。,
quiet-waiting,Quiet waiting,安靜等待,target-06,one detail you did not notice at first,一個剛才沒有注意到的細節,watch,Watch or point,看一看／指出來,"From your current spot, notice one detail you did not notice at first. Point only when the setting permits and your supervising adult has said it is safe; never ask a driver to look.",從目前位置觀察「一個剛才沒有注意到的細節」。只有在情境允許且陪同大人已確認安全時，才從原地指出來；絕不要求駕駛查看。,true,false,false,true,true,"Observe from the seat or area chosen by the adult. Never approach a stranger for a card, and skip anything that could disturb the space.",只從大人選定的座位或區域觀察，不為了卡片靠近陌生人；任何可能打擾現場的內容都直接跳過。,
quiet-waiting,Quiet waiting,安靜等待,target-06,one detail you did not notice at first,一個剛才沒有注意到的細節,describe,Notice or describe,觀察／描述,"Notice one detail you did not notice at first. Think of one colour, shape, sound or detail. Share only with a non-driving companion when the setting permits.",觀察「一個剛才沒有注意到的細節」，想一個顏色、形狀、聲音或細節；只有在情境允許且有非駕駛同行者時才分享。,true,false,false,true,true,"Observe from the seat or area chosen by the adult. Never approach a stranger for a card, and skip anything that could disturb the space.",只從大人選定的座位或區域觀察，不為了卡片靠近陌生人；任何可能打擾現場的內容都直接跳過。,
quiet-waiting,Quiet waiting,安靜等待,target-06,one detail you did not notice at first,一個剛才沒有注意到的細節,create,Plan or create,規劃／創作,"Use one detail you did not notice at first as a prompt. Invent one kind question, route idea or tiny story alone or with a non-driving companion when permitted.",以「一個剛才沒有注意到的細節」為提示，自己想一個友善問題、小路線或迷你故事；情境允許時也可和非駕駛同行者一起想。,true,false,false,true,true,"Observe from the seat or area chosen by the adult. Never approach a stranger for a card, and skip anything that could disturb the space.",只從大人選定的座位或區域觀察，不為了卡片靠近陌生人；任何可能打擾現場的內容都直接跳過。,
quiet-waiting,Quiet waiting,安靜等待,target-07,one tiny story about an ordinary object,一個以普通物品為主角的迷你故事,watch,Watch or point,看一看／指出來,"From your current spot, notice one tiny story about an ordinary object. Point only when the setting permits and your supervising adult has said it is safe; never ask a driver to look.",從目前位置觀察「一個以普通物品為主角的迷你故事」。只有在情境允許且陪同大人已確認安全時，才從原地指出來；絕不要求駕駛查看。,true,false,false,true,true,"Observe from the seat or area chosen by the adult. Never approach a stranger for a card, and skip anything that could disturb the space.",只從大人選定的座位或區域觀察，不為了卡片靠近陌生人；任何可能打擾現場的內容都直接跳過。,
quiet-waiting,Quiet waiting,安靜等待,target-07,one tiny story about an ordinary object,一個以普通物品為主角的迷你故事,describe,Notice or describe,觀察／描述,"Notice one tiny story about an ordinary object. Think of one colour, shape, sound or detail. Share only with a non-driving companion when the setting permits.",觀察「一個以普通物品為主角的迷你故事」，想一個顏色、形狀、聲音或細節；只有在情境允許且有非駕駛同行者時才分享。,true,false,false,true,true,"Observe from the seat or area chosen by the adult. Never approach a stranger for a card, and skip anything that could disturb the space.",只從大人選定的座位或區域觀察，不為了卡片靠近陌生人；任何可能打擾現場的內容都直接跳過。,
quiet-waiting,Quiet waiting,安靜等待,target-07,one tiny story about an ordinary object,一個以普通物品為主角的迷你故事,create,Plan or create,規劃／創作,"Use one tiny story about an ordinary object as a prompt. Invent one kind question, route idea or tiny story alone or with a non-driving companion when permitted.",以「一個以普通物品為主角的迷你故事」為提示，自己想一個友善問題、小路線或迷你故事；情境允許時也可和非駕駛同行者一起想。,true,false,false,true,true,"Observe from the seat or area chosen by the adult. Never approach a stranger for a card, and skip anything that could disturb the space.",只從大人選定的座位或區域觀察，不為了卡片靠近陌生人；任何可能打擾現場的內容都直接跳過。,
